ENSID	symbol	baseMean	log2FoldChange	lfcSE	stat	pvalue	padj	G34R.zK27ac	G34R.zK27m3	G34RV.K27ac.median	G34RV.K27me3.median	nonG34RV.K27ac.median	nonG34RV.K27me3.median
ENSG00000239268	RP11-384F7.2	321.229930619794	-2.00200451713903	0.542635642412018	-3.68940843664473	2.24776107664977e-4	0.00735702736767516	NA	NA	NA	NA	NA	NA
ENSG00000101384	JAG1	13601.9452200229	2.00207692475954	0.400974109407719	4.99303291106954	5.94384241764776e-7	8.76821401716031e-5	2.03	0.15	10.19	0.22	2.87	0.13
ENSG00000131747	TOP2A	11638.6622139052	2.00528723438535	0.520099664793019	3.85558263180843	1.15454322947202e-4	0.00453323229603846	0.28	0.01	1.34	0.22	0.92	0.22
ENSG00000270408	JAG1	902.299273190369	2.00688225640221	0.421089995633371	4.76592243276551	1.8799157730535e-6	2.01429849903008e-4	2.03	0.15	10.19	0.22	2.87	0.13
ENSG00000107742	SPOCK2	4703.67744395255	-2.00714838290029	0.531482585194776	-3.77650827856328	1.59042275806509e-4	0.00578894539088939	-0.16333333333333333	-0.016666666666666666	0.97	0.22333333333333333	1.2166666666666666	0.23333333333333334
ENSG00000140451	PIF1	326.183722638997	2.01420127680289	0.448784073301071	4.48813003096847	7.18510708819481e-6	5.66892771110963e-4	-0.12	0.12	1.06	0.27	1.25	0.19
ENSG00000143476	DTL	1132.35557372015	2.01441693983738	0.420662439221857	4.78867793274736	1.67883667803387e-6	1.85091743753234e-4	-0.19	-0.07	1.66	0.14	2.03	0.18
ENSG00000121152	NCAPH	759.106096946064	2.01472810133686	0.415687899407901	4.84673261888692	1.25511403015032e-6	0.00014954441004834499	0.32	0.07	2.45	0.15	1.78	0.11
ENSG00000129195	FAM64A	782.835963839647	2.01551936494516	0.489256351984011	4.11955686782995	3.7960173174683e-5	0.00197803663576286	NA	NA	NA	NA	NA	NA
ENSG00000175063	UBE2C	1117.01605145212	2.01755191488992	0.510495737654006	3.95214252750007	7.74545828974592e-5	0.00341215536329028	0.3225	0.07250000000000001	1.22375	0.17	0.77	0.1375
ENSG00000260249	RP11-401P9.5	104.538874642267	-2.018563736017	0.416011286913685	-4.85218502361408	1.22108621055787e-6	1.47070985294566e-4	NA	NA	NA	NA	NA	NA
ENSG00000142945	KIF2C	1205.67135631242	2.01981588811769	0.431103961008981	4.68521765235094	2.79662582277058e-6	2.71485096657737e-4	0.14500000000000002	0.03	0.9199999999999999	0.165	0.71	0.15
ENSG00000116194	ANGPTL1	1179.13362850675	2.02771238382949	0.556561249211534	3.64328703570739	2.69178375597227e-4	0.00842212699450771	0.17	-0.05	1.09	0.22	0.85	0.26
ENSG00000100427	MLC1	6813.30259895335	2.03006601863384	0.513272502626773	3.95514275213377	7.64889663612644e-5	0.00337316341653176	-0.8	0.010000000000000002	1.545	0.22999999999999998	3.315	0.22
ENSG00000109220	CHIC2	1536.17121300116	2.03925303748295	0.38452471157906	5.30330815179268	1.13722711240136e-7	2.64689610411417e-5	0.78	-0.01	5.51	0.16	3.21	0.16
ENSG00000137259	HIST1H2AB	794.13602848839	2.04096849253656	0.516984459076777	3.94783335688909	7.88616652464458e-5	0.00343441732380441	0.19	0.02	3.5	0.17	3	0.16
ENSG00000148773	MKI67	8637.31028807112	2.04177504913773	0.467662700079417	4.36591382804531	1.2659238317248e-5	8.7123829950833e-4	0.44	0	0.82	0.24	0.34	0.24
ENSG00000007372	PAX6	3216.40005045861	2.04378767461102	0.384782853077146	5.31153521594491	1.08705558519844e-7	2.54773232115928e-5	1.1090909090909091	-0.020000000000000004	3.733636363636364	0.4618181818181818	1.2663636363636364	0.4681818181818182
ENSG00000110090	CPT1A	1140.77292895868	-2.0468734978388	0.400574460735665	-5.10984523097071	3.22422825294403e-7	5.65184278899959e-5	-0.03	0.11	2.05	0.3	2.11	0.22
ENSG00000134247	PTGFRN	5114.7329725959	2.04823589403171	0.381906047124538	5.36319314515538	8.1763495723176e-8	2.01498920783674e-5	1.35	0.03	4.85	0.24	1.46	0.22
ENSG00000173894	CBX2	1272.79390567726	2.04914522102157	0.418315463786921	4.89856435731803	9.65394192571476e-7	1.26074078957517e-4	0.47	-0.14	1.48	0.31	0.77	0.43
ENSG00000199785	SNORA52	231.337155223482	2.05055748349533	0.524261084971777	3.91132880596263	9.17897078869826e-5	0.00385710111527095	0.13	0.06	3.19	0.12	2.88	0.09
ENSG00000267491	CTD-2373H9.5	151.897026040125	2.05091495426358	0.564809048234256	3.63116518879308	2.82144514475996e-4	0.00864699665981849	NA	NA	NA	NA	NA	NA
ENSG00000049759	NEDD4L	6173.12189109168	2.06006359163822	0.444848578900576	4.6309321628712	3.64023134824836e-6	3.30818855390163e-4	0.373	-0.20500000000000002	1.563	0.165	0.862	0.306
ENSG00000157456	CCNB2	959.638355869553	2.06114214094361	0.439501172519802	4.68973069884301	2.73564848076595e-6	2.68407477989905e-4	0.22	0.03	0.9	0.17	0.63	0.15
ENSG00000166803	KIAA0101	373.887307743872	2.07106713253056	0.456322149232856	4.53860750790276	5.66269236905724e-6	4.69779201587432e-4	NA	NA	NA	NA	NA	NA
ENSG00000267396	RP11-845C23.3	377.320180824972	2.07258112373055	0.514892386435555	4.02527048045595	5.69098641410414e-5	0.00268798056165607	NA	NA	NA	NA	NA	NA
ENSG00000214717	ZBED1	250.074436379793	2.07835850147569	0.52852868583436	3.93234758524922	8.41203146766382e-5	0.0036108817452641	0	0	0	0	0	0
ENSG00000143195	ILDR2	11864.8643667034	2.07885009740242	0.514587113933609	4.039840954258	5.34874600557925e-5	0.00256390977006571	0.67	-0.06	3.98	0.19	2.29	0.23
ENSG00000142549	IGLON5	131.558561709892	-2.07903429040043	0.462285332955523	-4.49729667413103	6.88229244203791e-6	5.48162817222772e-4	0.01	0.57	0.36	1.19	0.36	0.45
ENSG00000140009	ESR2	618.828254988046	2.07910751242787	0.568604816250656	3.65650703794134	2.55675394746672e-4	0.00810134891942615	-0.13555555555555557	0.09111111111111111	0.54	0.37333333333333335	0.7622222222222222	0.29444444444444445
ENSG00000090776	EFNB1	1806.5363870122	2.08173575837121	0.395456762134108	5.26412988144896	1.40854850070802e-7	3.08958845220746e-5	0.68	-0.09	1.74	0.23	0.69	0.29
ENSG00000228214	LINC00693	142.446847565754	-2.08772692373003	0.499449179290434	-4.18005877333918	2.91433763100891e-5	0.00165441971613981	-0.6	0.56	0.5	1.08	1.31	0.4
ENSG00000197409	HIST1H3D	5316.57014663219	2.09461045815648	0.443122665335095	4.72693143911407	2.27938184242628e-6	2.36373025466458e-4	0.25	-0.02	4.48	0.14	3.77	0.15
ENSG00000072840	EVC	2887.96315084745	2.09889818415341	0.306419899236096	6.84974503740117	7.39817245293912e-12	7.94734448502267e-9	0.49	-0.12	1.41	0.31	0.7	0.41
ENSG00000143473	KCNH1	358.419020368069	-2.09940276924814	0.566798017062468	-3.70396985530873	2.12251491857487e-4	0.00710245706978388	-0.45	0.4	0.48	1.05	1.05	0.54
ENSG00000147485	PXDNL	393.638172536982	2.10259413751971	0.492577408439693	4.26855576706201	1.9674264382037e-5	0.00121750857649253	0.18	-0.06	0.44	0.17	0.28	0.21
ENSG00000218422	AC016773.1	346.694263527857	2.10395323029851	0.41342963570992	5.08902373843061	3.59911562475397e-7	6.20514193823323e-5	NA	NA	NA	NA	NA	NA
ENSG00000077063	CTTNBP2	2608.04998363189	-2.10460481658387	0.528072208368016	-3.98544892769126	6.73526635895275e-5	0.0030667289215033	-0.97	0.42	1.49	0.59	3.7	0.21
ENSG00000157399	ARSE	138.136232011319	2.10628463091571	0.461681856794447	4.56219927189707	5.06205684083239e-6	4.27413825714142e-4	-0.15666666666666668	-0.09666666666666666	0.29	0.13999999999999999	0.42333333333333334	0.19
ENSG00000076555	ACACB	1612.59055495951	2.10660307279479	0.376233356685766	5.59919272270758	2.1535228263693e-8	7.16046339767791e-6	0	0.06	0.28	0.38	0.28	0.33
ENSG00000214944	ARHGEF28	1075.75883546758	2.1153144445320202	0.527551936909971	4.00967998889748	6.08010923223092e-5	0.00283181911691736	0.43	-0.19666666666666666	1.03	0.2733333333333334	0.44333333333333336	0.44333333333333336
ENSG00000024526	DEPDC1	903.878284666099	2.11905823725904	0.473121461451069	4.47888842488747	7.50327376012547e-6	5.864732354113e-4	0.31	-0.02	1.13	0.28	0.71	0.3
ENSG00000113231	PDE8B	3370.73522546713	-2.11916992229032	0.47292454442459	-4.48098950937031	7.42977637932232e-6	5.829035232429e-4	-0.0027272727272727253	0.4527272727272727	0.9900000000000001	0.9636363636363636	0.9945454545454546	0.42272727272727273
ENSG00000161888	SPC24	725.116495593556	2.11975487793913	0.417767359757659	5.07400788603679	3.89522902076523e-7	6.55384015361282e-5	0.16	0.13	1.48	0.25	1.22	0.16
ENSG00000066279	ASPM	6341.36930634063	2.12499237376263	0.519762164714006	4.08839372702683	4.34370458702078e-5	0.0021951689224757	0.52	0.06	1.28	0.28	0.58	0.24
ENSG00000224093	RP5-1033H22.2	217.688437735543	2.12505694086147	0.428111578368635	4.96379226406169	6.91298842148259e-7	9.7844476323653e-5	NA	NA	NA	NA	NA	NA
ENSG00000228213	NLGN1-AS1	338.568998819287	-2.12735807688168	0.511703441492976	-4.15740427829599	3.21884075339144e-5	0.00176103544861835	0.2	-0.04	0.68	0.16	0.46	0.19
ENSG00000134042	MRO	263.716111813822	-2.12746420747093	0.57209797419056	-3.71870606687779	2.00245899033839e-4	0.00682612037430651	-0.6649999999999999	0.0925	0.595	0.2625	1.6775	0.20500000000000002
ENSG00000164185	ZNF474	130.547210995029	2.13323335192245	0.467753296317845	4.56059501603787	5.10088747155127e-6	4.29119840603696e-4	-0.12	-0.13	1.04	0.13	1.22	0.2
ENSG00000253553	RP11-586K2.1	282.371315436793	-2.13411857172277	0.592128627103362	-3.60414692693153	3.13179864064649e-4	0.0093585380920032	NA	NA	NA	NA	NA	NA
ENSG00000142494	SLC47A1	661.780699977837	2.1425667462833	0.462052612254437	4.63706229433341	3.53395929984852e-6	3.22401848638036e-4	0.52	-0.18	1.06	0.36	0.42	0.53
ENSG00000207405	SNORA64	345.478596178127	2.15862857344679	0.576178649554448	3.74645706694622	1.79349681839958e-4	0.00630356956433308	0.73	0.09	5.02	0.14	2.96	0.1
ENSG00000197496	SLC2A10	1119.84465880686	2.16132826139164	0.543849521554475	3.97412919517509	7.06372150638995e-5	0.00317186079860886	0.51	-0.07	1.56	0.35	0.77	0.41
ENSG00000197697	HIST1H2BE	1454.64581644178	2.16360271840866	0.576503380181842	3.75297490489338	1.74748354682119e-4	0.00616739063423576	-0.07	0.02	1.34	0.2	1.45	0.19
ENSG00000147082	CCNB3	278.983443664257	2.16478560913528	0.44093590912828	4.90952441005543	9.12975356023774e-7	1.21644940191687e-4	0.03	-0.15	0.2	0.16	0.18	0.26
ENSG00000186185	KIF18B	1006.75933581536	2.1659506652161298	0.391360654216804	5.53441088642562	3.1227614750935e-8	9.41209294957138e-6	-0.18	0.17	1.04	0.27	1.31	0.16
ENSG00000182247	UBE2E2	768.522448771215	-2.16660779731363	0.44883262419023	-4.82720658112265	1.38461473856012e-6	1.60244294121481e-4	-0.04	0.54	1.24	0.7	1.31	0.19
ENSG00000152402	GUCY1A2	5040.86413092211	-2.16722387945485	0.518311435350846	-4.1813159649619696	2.89826782479594e-5	0.00164752958642912	-0.41	0.6	0.84	1	1.46	0.31
ENSG00000163053	SLC16A14	563.328553277801	-2.16771427179336	0.389659723746725	-5.56309554128399	2.65030690320904e-8	8.44824557130256e-6	-0.79	0.24	0.57	0.44	1.79	0.25
ENSG00000205682	RP11-798L4.1	154.050266331029	-2.17757937470582	0.574867177848043	-3.78796956691347	1.5188344808135e-4	0.00558171671698962	NA	NA	NA	NA	NA	NA
ENSG00000203811	HIST2H3C	4786.36818457872	2.19106242405754	0.498436295013692	4.39587254374675	1.10328661468122e-5	7.88774619830542e-4	0.07	0.02	0.275	0.01	0.225	0.005
ENSG00000145808	ADAMTS19	102.141193125513	-2.19421550825023	0.595464822860779	-3.68487847478312	2.28811787549138e-4	0.00743106189098539	-0.11	0.09	0.26	0.64	0.34	0.54
ENSG00000269891	ARHGAP19-SLIT1	2598.75787629925	-2.196315050557	0.530483502204911	-4.14021367569058	3.46982461509931e-5	0.00186130988795884	0.09	0.1	1.38	0.23	1.23	0.17
ENSG00000237649	KIFC1	1171.60613534792	2.20991815954199	0.432410372308851	5.110696461193	3.20973333152816e-7	5.65007470270472e-5	-0.0033333333333333335	0	0	0	0	0
ENSG00000167680	SEMA6B	663.328151104986	-2.2135533970715	0.413275407788401	-5.35612174195676	8.50272297556785e-8	2.07105569221753e-5	0.01	0.12	0.7	0.43	0.68	0.32
ENSG00000243197	TUSC7	447.238791289103	-2.21384964920159	0.608630642687455	-3.63742719135232	2.75374999064316e-4	0.00853111683941101	-0.11	-0.04	0.2	0.27	0.28	0.3
ENSG00000178814	OPLAH	443.259961817289	2.2147027022941	0.54857833451948	4.03716764395015	5.41004097068801e-5	0.00258737062176911	0.64	0.27	1.21	0.5	0.39	0.27
ENSG00000072163	LIMS2	334.152906400482	-2.21889923344813	0.532847914929626	-4.16422617275546	3.12410312294472e-5	0.00174048271723097	0.013999999999999995	0.40800000000000003	0.628	1.04	0.62	0.49600000000000005
ENSG00000180340	FZD2	285.470647216567	2.22034246956063	0.445642299415619	4.98234227871148	6.28191888491876e-7	9.1188875214094e-5	0.2	0.4	1.29	0.82	0.98	0.39
ENSG00000262223	RP11-1055B8.3	122.304115658957	-2.22231804859191	0.586574634993744	-3.78863645990355	1.51476382660615e-4	0.00557654046710586	NA	NA	NA	NA	NA	NA
ENSG00000105877	DNAH11	2028.28527772408	2.22501201380627	0.570019594663753	3.90339566329957	9.48524504611408e-5	0.00393620617033093	0.15	0.51	0.65	1.51	0.49	0.73
ENSG00000090659	CD209	136.906657562529	-2.2281249196607	0.621556876722002	-3.58474823963254	3.37403515816619e-4	0.00988566971788646	0.03	-0.17	0.31	0.44	0.29	0.62
ENSG00000185008	ROBO2	9680.31444603043	2.23004008162314	0.599038363701931	3.72269994168981	1.97103712424453e-4	0.00675749593455192	0.46	-0.078	2.228	0.27999999999999997	1.314	0.33999999999999997
ENSG00000118495	PLAGL1	740.254373922398	2.23535761747813	0.567297583634991	3.94036160555268	8.13588768110025e-5	0.00352485020061732	0.48000000000000004	0.21333333333333335	0.892962962962963	0.8051851851851852	0.3525925925925926	0.5444444444444445
ENSG00000270124	RP11-118F19.1	205.36331156867	2.23585245771008	0.481385768259807	4.64461686474989	3.40708145474776e-6	3.13713577025621e-4	NA	NA	NA	NA	NA	NA
ENSG00000135905	DOCK10	5627.77420623564	-2.2398868890109	0.557979500821251	-4.0142816818793	5.96271044286969e-5	0.0027818235412475	-0.30000000000000004	0.365	0.5449999999999999	0.93	0.91	0.485
ENSG00000075702	WDR62	837.092034884983	2.24254574111595	0.373312411143854	6.00715559990261	1.88806301242579e-9	1.05467199874105e-6	0.2	0.06	2.48	0.14	2.06	0.11
ENSG00000142611	PRDM16	1677.43316849029	2.24518491609211	0.566101972834746	3.96604326398896	7.30756037974545e-5	0.00325345634547753	1.01	0.44	1.92	0.57	0.39	0.19
ENSG00000101057	MYBL2	956.13123827338	2.25246508215524	0.443093973116681	5.08349293562179	3.70556367123477e-7	6.32903898136549e-5	0.24	0.23	0.61	0.71	0.37	0.46
ENSG00000204136	GGTA1P	360.398258425084	-2.25381543118993	0.538031944491321	-4.18899928575948	2.80187281735569e-5	0.00161021209441861	-0.17	0.64	0.85	1.53	1.09	0.6
ENSG00000111962	UST	2877.14637458241	-2.25435295426253	0.453922954450379	-4.96637795502576	6.82149486174479e-7	9.68767888924739e-5	-0.25	0.36	1.71	0.43	2.19	0.16
ENSG00000121621	KIF18A	784.579375705526	2.25523335634498	0.455188283200795	4.95450660655547	7.25140529988565e-7	1.02288762639296e-4	-0.05	-0.04	2.19	0.13	2.3	0.15
ENSG00000182118	FAM89A	159.467106066627	-2.26047799935145	0.419958753202534	-5.38261908369198	7.34097794686449e-8	1.85271247640896e-5	0.09	0.88	0.79	1.67	0.68	0.4
ENSG00000235363	SNRPGP10	624.941583016991	2.27042791198	0.517955459106738	4.38344238304885	1.16818555095675e-5	8.21181376773889e-4	NA	NA	NA	NA	NA	NA
ENSG00000177602	GSG2	286.682301904953	2.27417625496145	0.387714156773287	5.86560025016383	4.47510781393182e-9	1.93283135942962e-6	NA	NA	NA	NA	NA	NA
ENSG00000006016	CRLF1	308.595472017368	-2.28381426695964	0.526842092544022	-4.33491229968267	1.45818244838668e-5	9.66622684733545e-4	0.27	0.71	0.55	2.08	0.3	0.86
ENSG00000224668	IPO8P1	156.399219831912	-2.28680321020311	0.414830270624743	-5.51262376961819	3.53523414027933e-8	1.03572471543359e-5	NA	NA	NA	NA	NA	NA
ENSG00000123485	HJURP	684.300116838728	2.28787009595043	0.459069403488049	4.98371287340649	6.23756195368969e-7	9.10531909581288e-5	0.16	0	1.21	0.22	0.97	0.21
ENSG00000163618	CADPS	4159.28326133464	-2.29077234590999	0.617641201082886	-3.70890468753326	2.08157760351178e-4	0.00701590456147433	-0.47	0.75	0.4	1.73	0.95	0.58
ENSG00000255701	AC090953.1	554.060855855021	-2.29176369227703	0.545384725816115	-4.20210464979126	2.64444825428049e-5	0.00154486637477868	NA	NA	NA	NA	NA	NA
ENSG00000159263	SIM2	331.152069573182	-2.29186828475698	0.620501289488875	-3.69357537781245	2.21122923925214e-4	0.00729444480145422	-0.32	1.12	0.52	2.63	0.91	0.61
ENSG00000149403	GRIK4	638.434412768563	-2.29812385017011	0.532412315030126	-4.31643631316093	1.58568403048925e-5	0.00103461981481025	-0.42333333333333334	0.6566666666666666	1.9433333333333334	1.0533333333333332	3.0233333333333334	0.2866666666666667
ENSG00000109113	RAB34	1042.85725291326	2.29928966151878	0.446734092493164	5.14688648159075	2.64845486705635e-7	4.953117883503e-5	0.2833333333333333	0.016666666666666666	4.18	0.16	3.4066666666666667	0.14333333333333334
ENSG00000223764	RP11-54O7.3	110.348616357906	-2.29932636143511	0.454954370471671	-5.05397136651593	4.32716509778426e-7	7.08150710045592e-5	NA	NA	NA	NA	NA	NA
ENSG00000173210	ABLIM3	1003.72893543551	-2.29937451947148	0.495221219927641	-4.6431259948987	3.43176927275609e-6	3.15293801934466e-4	-0.47	0.11	0.6	0.55	1.23	0.44
ENSG00000204176	SYT15	215.648713712368	-2.30015391346048	0.436283916475907	-5.27214922805321	1.34835371404727e-7	2.97311993947423e-5	0.35	1.62	0.85	5.02	0.45	1.03
ENSG00000271860	RP11-436D23.1	208.313209397462	2.31161318234712	0.598739002571109	3.86080274112857	1.13015116808756e-4	0.004462552609522	NA	NA	NA	NA	NA	NA
ENSG00000179603	GRM8	347.311483167984	2.31421273341934	0.624169804519103	3.70766531265053	2.09178862974989e-4	0.00702770526410357	0.06666666666666667	0.046666666666666655	0.5633333333333334	1.0833333333333333	0.47000000000000003	0.9966666666666667
ENSG00000111728	ST8SIA1	1418.46622120904	-2.31442665319782	0.472481919334476	-4.89844491077637	9.65981127708863e-7	1.26074078957517e-4	-1.1	0.69	1.11	1.02	3.47	0.24
ENSG00000224825	RP11-171A24.3	104.336013980451	2.31862706111752	0.636379145441181	3.64346801388359	2.68989093117773e-4	0.00842212699450771	NA	NA	NA	NA	NA	NA
ENSG00000013810	TACC3	1574.67147405832	2.31950270744756	0.425218016668068	5.45485519551305	4.90127698189141e-8	1.32476773649252e-5	0.98	0.15	4.1	0.15	1.73	0.08
ENSG00000131459	GFPT2	1474.67240005601	-2.32121925339041	0.561639068920154	-4.13293764953592	3.58155910154835e-5	0.00190418043857066	0.48	0.31	1.5	0.86	0.77	0.49
ENSG00000117724	CENPF	12380.0235733118	2.323928090398	0.496134657312586	4.68406723083209	2.81237694114949e-6	2.71485096657737e-4	0.25	0	1.03	0.22	0.71	0.22
ENSG00000106571	GLI3	3038.36289134321	2.32501439382141	0.472741390186823	4.91815280422683	8.7364705106593e-7	1.18307838138338e-4	-0.11	0.1	2.1	0.46	2.34	0.37
ENSG00000143061	IGSF3	3944.8544632051	2.34209289322733	0.551864212091444	4.24396589217358	2.1960374506824e-5	0.00133203820057215	0.36	-0.095	1.0150000000000001	0.32499999999999996	0.56	0.405
ENSG00000124575	HIST1H1D	3199.92185860897	2.34294542079899	0.542946358666959	4.31524290272686	1.59427502510395e-5	0.00103553724305008	0.21	-0.01	1.58	0.21	1.22	0.22
ENSG00000186642	PDE2A	898.307786572806	-2.3502447790938	0.595177542445015	-3.94881293645405	7.85396946781242e-5	0.00343109542079251	-0.04	0.42500000000000004	0.6475	1.0675	0.6799999999999999	0.525
ENSG00000227660	RP11-162J8.2	163.04956020782	-2.35171967521006	0.483655749524333	-4.86238337396576	1.15980714994781e-6	1.42493022132151e-4	NA	NA	NA	NA	NA	NA
ENSG00000116675	DNAJC6	2158.18093334311	-2.35259982917496	0.554364912166048	-4.24377477279855	2.19790954805633e-5	0.00133203820057215	-0.2366666666666667	0.38666666666666666	0.7633333333333333	0.6866666666666666	1.1199999999999999	0.3
ENSG00000157890	MEGF11	1221.97085694439	-2.36334700815721	0.371312750985889	-6.3648420418695	1.95490814273251e-10	1.46251565428176e-7	-0.35	0.68	0.86	1.28	1.39	0.4
ENSG00000075218	GTSE1	739.478614491192	2.36795439215764	0.416421216257022	5.68644031502972	1.29714690857403e-8	4.72556258562686e-6	0.26	0.14	2.18	0.24	1.66	0.15
ENSG00000172572	PDE3A	2536.27386982031	2.36806560466327	0.316272792853798	7.4874148462019	7.02434083684127e-14	1.83927974599666e-10	0.7250000000000001	-0.24	2.015	0.295	0.53	0.515
ENSG00000118898	PPL	645.558360883987	2.36822618938879	0.542062686942847	4.36891571110573	1.24864944630917e-5	8.6466394302682e-4	-0.04	1.14	0.54	2.44	0.58	0.48
ENSG00000198353	HOXC4	111.90396856485	2.36929229025408	0.654973025728665	3.61738910944953	2.97589759100672e-4	0.00902789497286216	-0.11499999999999999	0.48	0.825	1.1600000000000001	0.9849999999999999	0.51
ENSG00000237096	RP4-782G3.1	115.142928775889	2.37930580666854	0.592621603609088	4.01488199582749	5.94755441767895e-5	0.00278094634295379	NA	NA	NA	NA	NA	NA
ENSG00000242173	ARHGDIG	246.359690551389	-2.38397978147412	0.608427316436027	-3.91826552995469	8.91884273693186e-5	0.00378576409791044	0.34	0.77	0.69	1.49	0.35	0.42
ENSG00000101447	FAM83D	560.10513649294	2.38501914439681	0.400242658809439	5.95893289208923	2.53890323825714e-9	1.35044329096314e-6	0.6	0.03	1.27	0.32	0.47	0.29
ENSG00000269975	RP11-58B17.2	206.998515335343	-2.38514221361425	0.519534030655297	-4.59092585447354	4.41284093375095e-6	3.86769813639113e-4	NA	NA	NA	NA	NA	NA
ENSG00000175906	ARL4D	446.367829624213	2.38702859329362	0.516419007594734	4.62227098187461	3.79561745288673e-6	3.38334879124872e-4	0.38	0.07	1.75	0.2	1.11	0.16
ENSG00000183856	IQGAP3	1334.6502325849	2.39148685906774	0.360119381954477	6.64081684825852	3.11949471650305e-11	3.11169597971179e-8	0.11	0.29	0.69	0.64	0.56	0.35
ENSG00000143416	SELENBP1	498.008225646638	2.39412616908225	0.445956632260122	5.36851791383558	7.93863071275481e-8	1.9679818562773e-5	-0.2	0.16	0.86	0.27	1.14	0.16
ENSG00000124693	HIST1H3B	6683.15877425129	2.39540420799245	0.581039838932629	4.12261612283386	3.74593666186994e-5	0.00195680818515014	0.1	-0.01	3.26	0.16	3.01	0.16
ENSG00000272143	FGF14-AS2	141.017723455433	-2.39716153147428	0.467391197662971	-5.12881188918504	2.91576514520325e-7	5.26534399820217e-5	-0.62	0.09	0.97	0.36	2.06	0.29
ENSG00000178999	AURKB	577.468185596165	2.39935643613198	0.464580355235346	5.16456713912607	2.40995965091602e-7	4.58932998068758e-5	0.29	0.10272727272727272	1.26	0.2190909090909091	0.8390909090909091	0.15454545454545454
ENSG00000147724	FAM135B	886.073095507118	-2.40181686020299	0.59918241894881	-4.00849020973726	6.11081716583577e-5	0.00283827810601651	-0.51	0.59	0.39	1.21	0.99	0.44
ENSG00000138798	EGF	491.295204094993	2.40206775362822	0.560065960853342	4.28890152504237	1.7955895623627e-5	0.00113806693971536	0.08	-0.16	0.53	0.26	0.45	0.39
ENSG00000109452	INPP4B	2904.79423768483	2.4023298300293	0.512752060959354	4.68516855014599	2.79729637792009e-6	2.71485096657737e-4	0.1	-0.18	0.56	0.45	0.46	0.64
ENSG00000182319	SGK223	2574.27298672238	2.40996253539241	0.389435278941301	6.18835186669275	6.0796501669345e-10	3.85919611732911e-7	NA	NA	NA	NA	NA	NA
ENSG00000168658	VWA3B	534.708733274255	2.41088889784896	0.474309583542662	5.08294367539827	3.71629929446452e-7	6.32903898136549e-5	-0.16599999999999998	-0.27999999999999997	0.51	0.224	0.668	0.46
ENSG00000207955	MIR219-2	179.890869478433	-2.41696095209455	0.461429740928137	-5.23798259564498	1.62341367446915e-7	3.38372715880025e-5	NA	NA	NA	NA	NA	NA
ENSG00000174348	PODN	370.263629397135	-2.41768484799529	0.435191428198949	-5.55545144351979	2.76895181936884e-8	8.62074499303966e-6	-0.21	0.1	0.84	0.54	1.13	0.44
ENSG00000055118	KCNH2	597.680370984879	-2.42075735722773	0.656635546722929	-3.68660723487938	2.27263700910567e-4	0.00740528089760933	-0.64	1.3599999999999999	0.99	2.54	2.125	0.26
ENSG00000151789	ZNF385D	2131.39209170333	2.43304892175478	0.670473172418498	3.62885350502303	2.84682723876905e-4	0.00871203996846086	0.66	-0.23	1.25	0.29	0.4	0.49
ENSG00000145632	PLK2	2365.44980482125	2.43470964837348	0.592263682749852	4.11085420107011	3.9419806735709e-5	0.00203135646149142	1.51	0.02	4.77	0.25	1.11	0.24
ENSG00000151090	THRB	536.461962738406	-2.43847249603988	0.657744035424412	-3.70732741721701	2.09458065054313e-4	0.00703144682327759	-0.52	0.6	0.68	1.18	1.43	0.42
ENSG00000207165	SNORA70	1204.99841104052	2.44040503968574	0.587881107587896	4.15118806878968	3.3075383024174e-5	0.00179493934170696	-0.03	-0.04	2.41	0.11	2.49	0.13
ENSG00000158445	KCNB1	1001.89792485079	-2.44083395501826	0.657581704037438	-3.7118337387308	2.05763134043553e-4	0.00695758393926931	-0.22	0.84	0.52	1.47	0.77	0.34
ENSG00000125845	BMP2	870.781861697054	-2.44686084660115	0.572522019997765	-4.27382836141517	1.92144969025229e-5	0.00119257977441659	-0.5	0.61	0.76	0.85	1.53	0.21
ENSG00000168874	ATOH8	1007.93439623757	-2.45352957450717	0.486255643726598	-5.04576061205922	4.51720701800384e-7	7.30688756831161e-5	0.23	0.57	1.88	1.11	1.46	0.41
ENSG00000186231	KLHL32	459.188873766004	-2.45430236637278	0.68487240145522	-3.58359069683326	3.38903011261003e-4	0.00990812397542198	-0.03	0.5252380952380953	0.9523809523809524	0.7833333333333333	1.02	0.2519047619047619
ENSG00000197846	HIST1H2BF	2127.71953413091	2.4560718187204	0.486393398867567	5.04955828849381	4.42832805654383e-7	7.21886396610521e-5	0.25	0.01	4.08	0.14	3.41	0.13
ENSG00000241261	RPL17P19	184.61216382683	-2.45629369253924	0.556802612811651	-4.41142630444179	1.02691906794717e-5	7.50833758318445e-4	NA	NA	NA	NA	NA	NA
ENSG00000165891	E2F7	751.856336601013	2.45958922484022	0.450053403381513	5.46510526608597	4.62632181788774e-8	1.27512995105531e-5	0.53	0.09	1.29	0.42	0.57	0.34
ENSG00000117399	CDC20	896.874383569866	2.47579716016856	0.417785477379206	5.92600100821931	3.10400680729264e-9	1.54029112486418e-6	0.44	0.03	1.84	0.18	1.09	0.16
ENSG00000182968	SOX1	1259.49690972675	2.47657206571284	0.681962020702416	3.63153957336508	2.81735443990978e-4	0.00864699665981849	1.33	-0.29	3.94	0.22	0.98	0.45
ENSG00000197134	ZNF257	124.499251433001	-2.47855602179124	0.602535103118685	-4.11354626305153	3.89626912462192e-5	0.00201772799723159	0	0.15	0.31	0.4	0.31	0.28
ENSG00000272511	RP11-180N14.1	270.516487689	2.48610041175847	0.68116997563934	3.64975043039006	2.62495218011854e-4	0.0082685993673734	NA	NA	NA	NA	NA	NA
ENSG00000171044	XKR6	237.807208930469	-2.48652468589869	0.635627550745883	-3.91192087721945	9.15649133809326e-5	0.00385657474171072	-0.17	0.52	0.53	1.21	0.72	0.52
ENSG00000064989	CALCRL	4378.12764362872	-2.49757095576659	0.530675659279075	-4.70639817767325	2.52131828156049e-6	2.53919782225905e-4	-0.31	0.03	0.38	0.36	0.71	0.33
ENSG00000172995	ARPP21	914.972839516559	-2.49986270834458	0.658109835898315	-3.79854937881651	1.45545435146329e-4	0.00540090877365408	-0.15	0.07500000000000001	0.51875	0.3725	0.6875	0.3075
ENSG00000215346	AF131215.5	188.699181749326	-2.50218181314375	0.655344998578476	-3.81811384625089	1.34475869892087e-4	0.0050847171201525	NA	NA	NA	NA	NA	NA
ENSG00000254556	AF131215.4	104.175588773453	-2.51002952714918	0.699633978877295	-3.58763239483742	3.33694303370739e-4	0.00980891354750145	NA	NA	NA	NA	NA	NA
ENSG00000156103	MMP16	7087.26799660637	-2.51187396168505	0.609147641883944	-4.12358809092069	3.73015707802553e-5	0.00195237591653337	-1.39	0.3	0.88	0.5	3.94	0.24
ENSG00000063127	SLC6A16	147.121866525552	2.52227213081882	0.448952830887983	5.6181227899377	1.93043295451193e-8	6.52221682494172e-6	0.13	-0.26	0.32	0.26	0.22	0.48
ENSG00000200795	RNU4-1	5301.01593072512	2.52972507771133	0.635757085969099	3.97907492270449	6.91839378776752e-5	0.00313008755657149	NA	NA	NA	NA	NA	NA
ENSG00000128285	MCHR1	215.784540910426	-2.53679107114635	0.6601353946639	-3.84283450281881	1.21621484539988e-4	0.0047190333506782	-0.19	0.62	0.68	1.08	0.93	0.34
ENSG00000233639	LINC01158	1913.34938616363	2.54053194621601	0.523418250873363	4.85373206222164	1.21159410297834e-6	1.46704436255137e-4	-0.45	-0.1175	5.307499999999999	0.2	6.8774999999999995	0.285
ENSG00000111206	FOXM1	2653.88149938666	2.54166741122152	0.397081928132784	6.4008639808246	1.5450016693071e-10	1.19866379510409e-7	0.87	0.05	2.94	0.15	1.18	0.12
ENSG00000197459	HIST1H2BH	842.739473970229	2.54923648471131	0.684605473351936	3.72365776193674	1.96357064194845e-4	0.00673741130585015	0.42	-0.09	2.57	0.17	1.7	0.23
ENSG00000165495	PKNOX2	576.782274469733	-2.555153440234	0.367748724552227	-6.94809599501717	3.70249048293255e-12	4.56223055242527e-9	-0.78	0.3	1.12	0.61	2.64	0.31
ENSG00000161681	SHANK1	114.22946895628	-2.5562359530028	0.688832320607054	-3.71096982027504	2.06466720753193e-4	0.00697012350197828	0.29	0.79	0.51	1.69	0.26	0.51
ENSG00000071909	MYO3B	244.640416418535	2.56091644584897	0.691787347483134	3.70188390285847	2.14004543485361e-4	0.00714400027834199	-0.17	0.01	0.65	0.24	0.86	0.24
ENSG00000197959	DNM3	4132.77291231975	-2.56322423073526	0.459300191503453	-5.58071666015403	2.39529571933256e-8	7.83991516886232e-6	-0.55	0.33	1.2	0.7	2.2	0.36
ENSG00000225091	SNORA71A	208.190800980093	2.56675208309908	0.556348094692554	4.61357216387612	3.95806751021375e-6	3.51320420212723e-4	0.18	-0.05	0.72	0.13	0.52	0.15
ENSG00000169783	LINGO1	612.517104073449	-2.56878236946733	0.634784047400742	-4.04670278023802	5.19441277328659e-5	0.00251003371553451	0.0825	0.5283333333333333	0.5083333333333333	1.2008333333333334	0.44666666666666666	0.4925
ENSG00000171246	NPTX1	731.476776151297	-2.57509782137972	0.647648669507438	-3.97607212462612	7.00628841325107e-5	0.00315460819418701	0.2	1.03	0.88	2.48	0.62	0.65
ENSG00000129173	E2F8	362.543979914489	2.57927169224323	0.491993582589845	5.24249051921773	1.58423534571606e-7	3.35209797014011e-5	0.17666666666666667	0.2966666666666667	0.6866666666666666	0.9033333333333333	0.5	0.5466666666666667
ENSG00000117318	ID3	2620.90903567352	-2.58100556602149	0.499187996099768	-5.17040791482825	2.33583554641881e-7	4.4684853980464e-5	-1.62	0.59	2.1	0.73	6.97	0.17
ENSG00000155760	FZD7	2533.71624874323	2.58826257311054	0.596762047038879	4.33717691323274	1.44324456302057e-5	9.5975763440868e-4	1.61	-0.21	5.67	0.35	1.39	0.55
ENSG00000210082	MT-RNR2	449763.753386267	2.59070845369477	0.690831653286472	3.75012992147953	1.76742973211549e-4	0.00622239232159481	NA	NA	NA	NA	NA	NA
ENSG00000125968	ID1	1183.17481556343	-2.59191717856465	0.604900069075349	-4.28486837921289	1.82847405729095e-5	0.00115020901847154	-1.33	0.56	1.77	0.81	5.31	0.23
ENSG00000176165	FOXG1	7968.92819876424	2.59492298467241	0.438181575921062	5.92202668315723	3.1799800978635e-9	1.54913100232548e-6	2.12	-0.23	11.02	0.21	3.06	0.4
ENSG00000117650	NEK2	504.560435126614	2.59894444883773	0.526571093632213	4.93560030215593	7.9904601768703e-7	1.10775395160491e-4	0.11	0.22	0.7	0.4	0.58	0.23
ENSG00000254545	RP11-84A19.3	121.925443893637	-2.60130344649358	0.672632330737995	-3.86734821925598	1.10025265712021e-4	0.00436093520057249	NA	NA	NA	NA	NA	NA
ENSG00000116544	DLGAP3	128.987336825734	-2.6042803412933	0.6677495875921	-3.90008528598919	9.6158808613197e-5	0.00396123233711887	0.07	0.63	0.46	1.63	0.39	0.67
ENSG00000256879	RP11-284H19.1	150.477147974331	2.6129283666781	0.342141625164074	7.63697888389076	2.22377954207121e-14	8.46956762864302e-11	NA	NA	NA	NA	NA	NA
ENSG00000173705	SUSD5	904.043505328527	-2.62150299479592	0.71977885437807	-3.64209503912288	2.70428190370516e-4	0.00845491719072595	-0.04	0.41	0.28	1.17	0.31	0.62
ENSG00000101670	LIPG	1897.88133457227	2.63168001245439	0.659318468180298	3.99151569304248	6.56523430422228e-5	0.0029994601000588	0.08	-0.19	0.86	0.31	0.77	0.48
ENSG00000222000	AC092675.3	241.584448628012	2.63220499062069	0.437435852236129	6.01735083479124	1.77294557892537e-9	1.00375074363619e-6	NA	NA	NA	NA	NA	NA
ENSG00000117154	IGSF21	335.943566072533	-2.63586684287518	0.715793850663541	-3.68243851275298	2.31013597160084e-4	0.00747937762984675	-0.06	1.06	0.7	2.33	0.77	0.53
ENSG00000131773	KHDRBS3	1616.25951885433	-2.63958537213287	0.608486025689247	-4.33795561556725	1.43814187433051e-5	9.59410092756e-4	-0.45	0.12	0.98	0.43	1.72	0.33
ENSG00000041353	RAB27B	463.150078908461	-2.6438895722148	0.654155372890705	-4.04168440982374	5.30686231136591e-5	0.00254966739145269	-0.02	0.22	0.42	0.53	0.44	0.33
ENSG00000123201	GUCY1B2	181.085047676825	2.65527722357848	0.713642765125997	3.72073725585892	1.9864202360994e-4	0.006782483764579	0.3	-0.45	0.96	0.1	0.59	0.42
ENSG00000163009	C2orf48	113.216443977263	2.66542759116107	0.623302499343061	4.27629857728845	1.90026327436697e-5	0.00118293506507584	-0.01	-0.12	0.38	0.16	0.38	0.23
ENSG00000187672	ERC2	620.690754342955	-2.66670174712228	0.606829236073148	-4.39448462367894	1.11035862273098e-5	7.9113051869582e-4	-0.05	0.54	0.41	1.29	0.46	0.56
ENSG00000152583	SPARCL1	49371.4794142586	-2.66852758620226	0.612367449645676	-4.35772278187925	1.31422697644908e-5	8.96735165770912e-4	-1.31	0.15	1.75	0.25	5.2	0.16
ENSG00000135476	ESPL1	985.033569461496	2.67152711822082	0.405379990836695	6.59018002518293	4.39293580479605e-11	4.1827737623166e-8	0.17	0.11	0.93	0.26	0.72	0.19
ENSG00000139155	SLCO1C1	1875.91246641379	2.67630593573567	0.554287923129396	4.82836775628413	1.37656702076147e-6	1.5975422530416e-4	0.035	-0.09	1.03	0.265	0.975	0.335
ENSG00000257056	RP11-966I7.2	289.277467848165	2.67881370321488	0.422032528136954	6.34741050657967	2.18969278786944e-10	1.60942419908404e-7	NA	NA	NA	NA	NA	NA
ENSG00000101463	SYNDIG1	463.647219901846	-2.67904588334618	0.629133905232091	-4.2583079072139	2.05980109337725e-5	0.00126756509606844	-0.14750000000000002	0.41000000000000003	1.0425	1.1225	1.2725	0.585
ENSG00000264014	MIR4253	141.091354288318	2.68263820503393	0.484983312303625	5.53140311630858	3.17679310370864e-8	9.5065533628481e-6	0.22	-0.22	0.67	0.17	0.44	0.32
ENSG00000237819	AC002454.1	109.32285335700401	2.68883201295189	0.665951328150537	4.03758037455867	5.40053443435404e-5	0.00258577588716871	NA	NA	NA	NA	NA	NA
ENSG00000149571	KIRREL3	1042.67589499113	2.69690608163796	0.619990882110993	4.34991248976973	1.36191871142175e-5	9.21122094205384e-4	0.35	0.12	0.84	1.09	0.44	0.92
ENSG00000135451	TROAP	845.054247948762	2.70399593381378	0.467069442717175	5.78928032217928	7.06886403185437e-9	2.87524328751979e-6	0.13	0.1	1.06	0.22	0.88	0.16
ENSG00000172878	METAP1D	2317.22409496269	2.70926539302498	0.562344915045516	4.81780010904107	1.45149674524876e-6	1.65696065782553e-4	0.22	-0.15	1.19	0.24	0.87	0.36
ENSG00000227502	RP1-249H1.4	496.52410893772	-2.71112933172984	0.517894146414234	-5.23491016552514	1.65065126870885e-7	3.42346707438402e-5	NA	NA	NA	NA	NA	NA
ENSG00000174938	SEZ6L2	620.836303566263	-2.71394361109577	0.723008601850575	-3.75368094397398	1.74256639556951e-4	0.00616594756270139	0	0.65	0.69	1.19	0.69	0.37
ENSG00000001626	CFTR	132.276906121139	-2.71522309008784	0.62808688017577	-4.32300558376252	1.53917836527891e-5	0.00101230577101036	-0.01	-0.11	0.29	0.74	0.3	0.88
ENSG00000264940	SNORD3C	58041.0533086802	2.71546198363918	0.721137330994278	3.76552685172351	1.66198260253158e-4	0.00598185233101895	NA	NA	NA	NA	NA	NA
ENSG00000133958	UNC79	891.064421299896	-2.73041327215723	0.691598403885975	-3.94797509192546	7.88150023458359e-5	0.00343441732380441	0.44	0.06999999999999999	2.17	0.3833333333333333	1.1933333333333334	0.3066666666666667
ENSG00000201457	SNORA55	166.878338519803	2.73190006130302	0.747787050467586	3.65331287777019	2.58878465551078e-4	0.00817927097606517	0.01	0	0.44	0.14	0.43	0.14
ENSG00000146147	MLIP	210.439808162925	-2.73911327568748	0.693563761240643	-3.94933159539329	7.83697242063498e-5	0.00342724383676934	-0.09666666666666666	0.14666666666666667	0.29333333333333333	0.52	0.37	0.38
ENSG00000157680	DGKI	1946.85617954358	-2.73943319505995	0.55758155835035	-4.91306276908581	8.96645550887011e-7	1.20400529982088e-4	-0.27	0.4625	0.625	1.385	0.9675	0.715
ENSG00000133216	EPHB2	4015.48966589717	2.74016243245031	0.469197732991506	5.84010160274988	5.21689964100189e-9	2.16398030158192e-6	1.16	-0.14	3	0.18	0.75	0.28
ENSG00000143632	ACTA1	126.154432857755	-2.74356739159207	0.606941689840837	-4.52031461590905	6.17477966431445e-6	5.01341848907856e-4	0.27	1.12	0.54	2.72	0.29	0.66
ENSG00000102452	NALCN	1342.88714860116	-2.74854224874226	0.691840605280749	-3.97279695317522	7.10335973582136e-5	0.00318145995691117	-0.77	0.67	0.45	1.46	1.53	0.52
ENSG00000185666	SYN3	161.127864939468	-2.75365069868038	0.619666891104617	-4.4437596040862	8.84003749693623e-6	6.66103185133351e-4	0.02	0.39	0.27666666666666667	1.0133333333333334	0.2633333333333333	0.5133333333333333
ENSG00000245648	RP11-277P12.20	199.400634141063	-2.77671430201806	0.534710027826246	-5.19293478243941	2.07004714065305e-7	4.10164727745756e-5	NA	NA	NA	NA	NA	NA
ENSG00000107295	SH3GL2	918.407761158566	-2.79277321012114	0.675461676480707	-4.13461386095516	3.55551943172497e-5	0.00189273807613872	0.3	0.24	0.66	0.64	0.36	0.39
ENSG00000015413	DPEP1	163.800510128661	2.7968644602812	0.74299979715313	3.76428697692467	1.67024982199044e-4	0.00600644775041111	0.14500000000000002	0.55	0.375	1.17	0.26	0.46499999999999997
ENSG00000269918	AF131215.9	186.15575717861	-2.79820589934572	0.669047303610213	-4.18237377872455	2.88481181400599e-5	0.00164434273398341	NA	NA	NA	NA	NA	NA
ENSG00000211459	MT-RNR1	95620.3184280831	2.80171656316239	0.720627724724437	3.88788339254328	1.01122183396604e-4	0.00408929910559917	NA	NA	NA	NA	NA	NA
ENSG00000171798	KNDC1	340.029936537111	-2.80410832636987	0.762532457388959	-3.67736258200945	2.35657955751254e-4	0.00760037725650408	0.14	0.53	0.68	0.89	0.52	0.31
ENSG00000196966	HIST1H3E	414.280405820219	2.80880376128667	0.634997583224712	4.42332984485186	9.71911831296232e-6	7.20676923400985e-4	0.22	-0.11	3.12	0.17	2.6	0.25
ENSG00000272796	RP1-74M1.3	868.993270526719	2.81667128755827	0.562494625294896	5.00746346879598	5.51520148054611e-7	8.31148798659997e-5	NA	NA	NA	NA	NA	NA
ENSG00000054356	PTPRN	547.678072531366	-2.81751401602034	0.750753087954079	-3.75291698592744	1.74788749729521e-4	0.00616739063423576	-0.08	0.23333333333333334	0.32666666666666666	1.15	0.39666666666666667	0.8233333333333333
ENSG00000139445	FOXN4	124.647955311087	2.8264442854132	0.638714707392797	4.42520620348733	9.63502044984303e-6	7.16979008430149e-4	0.39	0.08	0.65	0.74	0.27	0.65
ENSG00000077080	ACTL6B	120.205833084658	-2.83314279919969	0.745150845438039	-3.80210640106598	1.43471083333507e-4	0.0053381181494292	0.16	0.54	0.47	1.66	0.33	0.81
ENSG00000232270	INTS4L2	676.066158862395	2.83401286577733	0.674188242735518	4.20359283377344	2.62711332586579e-5	0.00153719151937356	NA	NA	NA	NA	NA	NA
ENSG00000082497	SERTAD4	194.141210028394	2.83487028307783	0.603502238825482	4.69736498176869	2.63539281075587e-6	2.61016032639757e-4	0.02	0.65	0.71	1.71	0.68	0.7
ENSG00000102466	FGF14	484.421141567323	-2.84031479337313	0.777317672198584	-3.65399487874695	2.58191419086024e-4	0.00816988633127567	-0.4285714285714286	0.29523809523809524	0.41523809523809524	0.7719047619047619	0.9400000000000001	0.4161904761904762
ENSG00000132561	MATN2	2610.90009809325	-2.84142819828095	0.521608167651572	-5.44743808570688	5.11004941672814e-8	1.36360204021545e-5	-0.38	0.64	0.73	0.89	1.27	0.21
ENSG00000250740	RP11-710F7.2	114.996610114902	2.8475205569925	0.68648458356165	4.14797451418189	3.35429728241424e-5	0.00181439078735558	NA	NA	NA	NA	NA	NA
ENSG00000124194	GDAP1L1	202.910328106291	-2.84997729124205	0.56499260250648	-5.04427363933383	4.5524740989254e-7	7.33561162978768e-5	-0.008333333333333333	0.29166666666666663	0.43	0.7916666666666667	0.43833333333333335	0.4683333333333333
ENSG00000174521	TTC9B	102.744665262805	-2.86066192305719	0.563035879589738	-5.08078086451905	3.75886529308684e-7	6.37561382404345e-5	0.17	0.57	0.46	1.63	0.31	0.75
ENSG00000187527	ATP13A5	177.78587152759	-2.86182939798806	0.558775286862502	-5.12161053875003	3.02937070778065e-7	5.42373870950727e-5	-0.23	0.11	0.21	0.41	0.39	0.32
ENSG00000074047	GLI2	1455.75367164661	2.86522554431118	0.481012440819617	5.9566557975694	2.5745167641394e-9	1.35044329096314e-6	0.37	-0.06	1.22	0.18	0.7	0.21
ENSG00000255310	AF131215.2	278.660240913288	-2.87160912928729	0.668919078999452	-4.29290959017427	1.76346826982955e-5	0.00112280399946062	NA	NA	NA	NA	NA	NA
ENSG00000155265	GOLGA7B	270.49629754304	-2.87445040153811	0.695806258455751	-4.13110742625047	3.61019809516045e-5	0.00190971274238317	-0.24	0.47	0.45	0.73	0.71	0.26
ENSG00000206579	XKR4	881.810696687249	-2.87520377063082	0.770613323757899	-3.73105899157034	1.90676564106529e-4	0.00660675556391889	-0.22	0.82	0.36	1.66	0.57	0.46
ENSG00000125869	LAMP5	1018.92775076825	2.8871964238603	0.583970625823804	4.94407817137609	7.65050027159879e-7	1.07196558153388e-4	0.45	-0.04	1.25	0.53	0.63	0.57
ENSG00000117069	ST6GALNAC5	345.314389618627	2.887394362974	0.775703304580739	3.72229220363398	1.97422364698459e-4	0.00676082112413356	0.33	0.05	0.82	0.78	0.44	0.72
ENSG00000075275	CELSR1	2583.29770692911	2.89049362013011	0.590753496766208	4.89289295104084	9.93644591165949e-7	1.28088431221223e-4	1.02	0.02	2.24	0.36	0.54	0.34
ENSG00000141837	CACNA1A	858.585522433585	-2.89376724178229	0.649690837620028	-4.45406811089232	8.42583515001194e-6	6.44161247463048e-4	-0.23	0.64	0.4	1.69	0.64	0.7
ENSG00000221420	SNORA81	1284.94199164299	2.90497874692128	0.781886904543769	3.71534390720656	2.02927505687409e-4	0.00689350095339151	-0.16	0.04	1.44	0.12	1.73	0.1
ENSG00000226869	LHFPL3-AS1	238.047947446594	-2.91067776252158	0.759682228703916	-3.83144116387644	1.27394841210137e-4	0.00489203196379349	-0.32	0.43	0.33	0.82	0.64	0.35
ENSG00000144406	UNC80	3641.16253498805	-2.91467473321462	0.669926953104115	-4.35073513568821	1.35681868063472e-5	9.19804508498245e-4	-0.45	0.17	0.47	0.48	1.02	0.32
ENSG00000272235	RP11-22L13.1	174.801447919671	2.9212090680117	0.604706229746038	4.83079043065016	1.35992086016749e-6	1.58260790101991e-4	NA	NA	NA	NA	NA	NA
ENSG00000256128	LINC00944	115.105005560622	2.92166625980157	0.811991808111779	3.59814745741792	3.20491904590584e-4	0.00952629640309583	0.25	0.1	0.46	0.36	0.25	0.28
ENSG00000170017	ALCAM	5169.88384637178	-2.9254674930176	0.563503940536574	-5.19156528032785	2.0853344554206e-7	4.10164727745756e-5	-1.38	0.48	1.38	0.52	4.81	0.13
ENSG00000173040	EVC2	432.560322873889	2.92980276392664	0.702936581946443	4.16794749223888	3.07354709895481e-5	0.0017214740068277	0.53	-0.125	1.615	0.32	0.78	0.435
ENSG00000164649	CDCA7L	3993.33337400098	2.93219838603851	0.490080689421545	5.9830930892206	2.18939553784548e-9	1.20690429023732e-6	0.73	0.05	2.52	0.36	1.13	0.31
ENSG00000007062	PROM1	1944.55681919414	2.93624816398137	0.561690488886572	5.22751982110618	1.71798985937521e-7	3.51098464187924e-5	0.1285714285714286	0.06142857142857143	0.61	0.4342857142857143	0.42714285714285716	0.35
ENSG00000162873	KLHDC8A	10099.7079199304	2.96192368416245	0.656900610280746	4.50893733055992	6.5153149511711e-6	5.21910363057961e-4	0.3875	-0.1475	3.41	0.17	2.4675000000000002	0.2675
ENSG00000111186	WNT5B	283.51606623075	2.96379732597264	0.503706309981368	5.88397895210459	4.00518795888924e-9	1.80677696208104e-6	0.325	0.06999999999999999	0.95	0.415	0.525	0.345
ENSG00000239183	SNORA84	135.107733031442	2.97461316968573	0.623128302213364	4.77367688021849	1.80892528739166e-6	1.95826679367632e-4	-0.01	0.17	1.93	0.26	1.96	0.15
ENSG00000116983	HPCAL4	438.847931188236	-2.97813818357168	0.7963998313842	-3.73950127336851	1.84385714190798e-4	0.00643200624148499	-0.05666666666666667	0.5633333333333334	0.6666666666666667	1.4566666666666666	0.7333333333333333	0.6333333333333333
ENSG00000100433	KCNK10	206.464696464503	-2.97841881946797	0.793639988452556	-3.75285880601267	1.74829335614127e-4	0.00616739063423576	-0.07333333333333333	0.43666666666666665	0.32	1.1666666666666667	0.38666666666666666	0.55
ENSG00000149451	ADAM33	538.445032477623	2.97951810968656	0.74488839625917	3.99995237494597	6.33552322239645e-5	0.00292320204187554	0.04	0.3	0.78	0.57	0.73	0.28
ENSG00000134594	RAB33A	121.769400224739	-2.99053308622339	0.479286849807792	-6.23954754323572	4.3883836435473e-10	2.91827512295896e-7	-0.48	-0.11	0.83	0.12	1.58	0.18
ENSG00000251002	AE000661.37	146.473076829485	2.99078063646522	0.811310760161957	3.68635642878469	2.27487683857816e-4	0.00740528089760933	NA	NA	NA	NA	NA	NA
ENSG00000226684	RP3-418C23.2	187.742959606058	2.99233721259893	0.474794547578339	6.30238326842876	2.93103276298529e-10	2.04659362675448e-7	NA	NA	NA	NA	NA	NA
ENSG00000131771	PPP1R1B	429.330913985365	-3.0104426443989	0.682105348784007	-4.41345702649252	1.01732919174134e-5	7.46427434115649e-4	-0.06333333333333334	0.72	0.6633333333333333	1.39	0.7333333333333333	0.41000000000000003
ENSG00000148408	CACNA1B	246.534164804851	-3.01249976360687	0.806538643890977	-3.73509662112865	1.87643129424675e-4	0.00652523581470081	0.37	0.45	0.44	1.47	0.15	0.79
ENSG00000154118	JPH3	442.055091629564	-3.02835707991366	0.596577062003245	-5.0762211167569	3.85015215943249e-7	6.50411793223485e-5	-0.125	0.6625	0.3525	1.8575	0.46499999999999997	0.78
ENSG00000148053	NTRK2	16974.0458286423	-3.03001196787131	0.663859400678133	-4.56423749483121	5.0131303029136e-6	4.25152012227865e-4	-1.7466666666666666	0.9466666666666667	0.5733333333333334	1.7566666666666666	4.54	0.37166666666666665
ENSG00000256316	HIST1H3F	2025.74029756969	3.03338886000277	0.644190431468703	4.70883874056757	2.49132068133412e-6	2.52110821121964e-4	0.4	-0.12	2.44	0.16	1.64	0.24
ENSG00000242441	GTF2A1L	202.260182225752	-3.04790788433864	0.619970512362333	-4.91621427723215	8.82338192244715e-7	1.18860316926342e-4	-0.06	-0.17	0.2	0.31	0.24	0.46
ENSG00000196581	AJAP1	668.579997737407	-3.04837552396651	0.757484570577595	-4.02434008872559	5.71353012892095e-5	0.00269312339916992	0.07	0.81	0.36	2.02	0.3	0.69
ENSG00000249307	LINC01088	448.07888926408	-3.05428639360078	0.733731751045941	-4.16267442324374	3.14541702569012e-5	0.0017435660971962	-0.08	-0.24	0.4	0.18	0.47	0.36
ENSG00000214870	AC004540.5	152.28190520113	-3.0624403848344	0.728834100936955	-4.20183465743091	2.64760486237282e-5	0.00154486637477868	NA	NA	NA	NA	NA	NA
ENSG00000177133	LINC00982	484.89237788416	3.06520512710937	0.662679087985752	4.62547435505506	3.73742049603436e-6	3.3600693493854e-4	0.64	0.18	1.29	0.51	0.45	0.34
ENSG00000213809	KLRK1	238.269244783851	-3.07205780434537	0.496250507381456	-6.19053836449573	5.99590715925538e-10	3.85919611732911e-7	-0.2	0	0.32	0.29	0.5	0.29
ENSG00000228065	RP11-222A11.1	256.865173617645	3.07626801098638	0.645368252532638	4.76668630493379	1.87280553132047e-6	2.01182532653003e-4	NA	NA	NA	NA	NA	NA
ENSG00000260990	RP3-518E13.2	160.775212947691	-3.07832429866257	0.787382009346225	-3.90956900478149	9.24609410524425e-5	0.00387729783188619	NA	NA	NA	NA	NA	NA
ENSG00000116147	TNR	8309.73415655148	-3.08226883483974	0.786992746262543	-3.91651492275825	8.98382572727184e-5	0.00380563578204301	-0.36	0.41	0.42	0.8	0.83	0.35
ENSG00000202538	RNU4-2	17222.8980747436	3.08575144338966	0.686830018607593	4.49274399748193	7.03112876761462e-6	5.58954724324885e-4	NA	NA	NA	NA	NA	NA
ENSG00000144152	FBLN7	660.491857781195	3.09043896368375	0.411938742110861	7.50218090157699	6.2764668265262e-14	1.75301718464877e-10	0.32	0.19	0.99	0.48	0.59	0.31
ENSG00000176406	RIMS2	1071.96189401975	-3.09853463065694	0.800607355484243	-3.87023003152751	1.08732707365955e-4	0.00433018704857099	-0.1296875	0.4825	0.306875	1.2859375	0.411875	0.5499999999999999
ENSG00000137731	FXYD2	189.355258586306	-3.10421668894812	0.68756524638162	-4.5147958034301	6.33778028450624e-6	5.12589391929322e-4	-0.27	0.8200000000000001	0.54	1.28	0.87	0.26
ENSG00000112333	NR2E1	1442.48427775799	3.12103817501318	0.431534165615952	7.23242427527922	4.74447205558174e-13	7.95078627074387e-10	0.815	0.065	3.575	0.4	1.68	0.33499999999999996
ENSG00000074219	TEAD2	1370.90228933094	3.13764909277636	0.456093959045312	6.87939191157898	6.01085849547273e-12	6.80607882886027e-9	0.735	-0.06166666666666667	2.131666666666667	0.3616666666666667	0.8533333333333333	0.4116666666666666
ENSG00000152578	GRIA4	5199.48989167802	-3.13936659928442	0.770108670518616	-4.07652415751957	4.57139081988459e-5	0.00228542265392679	-0.02	0.424	1.068	0.806	1.096	0.35200000000000004
ENSG00000248587	GDNF-AS1	174.362332240345	-3.15759204012937	0.651800175975057	-4.84441728694809	1.26983803253777e-6	1.50466660974632e-4	0.07	0.385	0.705	1.2850000000000001	0.625	0.735
ENSG00000186960	C14orf23	591.67742741701	3.17256561378812	0.446377127023413	7.10736599552897	1.18278482350556e-12	1.70871621312984e-9	NA	NA	NA	NA	NA	NA
ENSG00000136531	SCN2A	1411.43069209774	-3.17305852848901	0.664049092780366	-4.77834931631855	1.76740139125261e-6	1.93329716152815e-4	-0.41333333333333333	0.12	0.29333333333333333	0.4066666666666667	0.7433333333333333	0.30333333333333334
ENSG00000180592	SKIDA1	454.536791219891	3.1793928037827	0.421843089942392	7.53690857948363	4.81243451563739e-14	1.55089956948176e-10	1.69	-0.01	6.8	0.18	1.84	0.19
ENSG00000169515	CCDC8	296.595267850886	3.21290386946839	0.62769175502695	5.11860135765275	3.07809800216365e-7	5.48752833194239e-5	0.05	0.03	1.12	0.36	1.04	0.33
ENSG00000197057	DTHD1	489.841381748571	3.21992877076121	0.786447641637943	4.09426972665978	4.23501072762334e-5	0.00216099973071755	-0.52	-0.04	1.22	0.14500000000000002	2.18	0.16999999999999998
ENSG00000227757	AP000282.2	110.645731035666	-3.22546013324954	0.73153971938112194	-4.40913876279781	1.03782514154703e-5	7.54855630297097e-4	NA	NA	NA	NA	NA	NA
ENSG00000196542	SPTSSB	219.662454578764	-3.23658284339929	0.616308076692241	-5.25156649052891	1.50811072847284e-7	3.25681953450358e-5	-0.38	0.21500000000000002	0.67	0.685	1.185	0.45
ENSG00000136928	GABBR2	839.776987833996	-3.24103896018038	0.691906104445755	-4.68421790089073	2.81030919217946e-6	2.71485096657737e-4	0.04	0.67	0.46	1.99	0.42	0.86
ENSG00000164142	FAM160A1	104.311894838923	3.24198666998573	0.855987011268908	3.78742507456957	1.5221656464706e-4	0.00558416197538404	-0.11	0.18	0.38	0.55	0.48	0.37
ENSG00000166897	ELFN2	548.163479635133	-3.24335544740453	0.802551821418764	-4.04130345336563	5.31549216385305e-5	0.00255088824976659	0.21	0.72	0.69	1.66	0.47	0.57
ENSG00000101542	CDH20	831.448303408173	-3.24523388258611	0.710694735536901	-4.56628383511869	4.96446466618027e-6	4.24198733957047e-4	-1.06	0.73	0.62	1.08	2.49	0.24
ENSG00000116254	CHD5	413.743457905272	-3.24679462125731	0.850834025874362	-3.81601407856337	1.35624769344588e-4	0.00511891865918155	0.15	0.87	0.41	2.26	0.29	0.74
ENSG00000120729	MYOT	138.533048280352	-3.2642615553546	0.649899487573275	-5.02271753982044	5.09454418675699e-7	7.7921496567106e-5	-0.16	0.1	0.23	0.48	0.35	0.38
ENSG00000237289	CKMT1B	126.285268150894	-3.28674142166874	0.783808777166036	-4.19329499415965	2.74931540436893e-5	0.0015887250878074	0.013333333333333334	-0.013333333333333332	0.013333333333333334	0.013333333333333334	0.01	0.02
ENSG00000165388	ZNF488	535.784849240908	-3.30346896810784	0.87188299067083	-3.78889025643928	1.51321737535645e-4	0.00557574687252054	0.18	0.45	0.81	0.88	0.6	0.37
ENSG00000143502	SUSD4	459.682781709451	-3.330238185756	0.631572967182058	-5.2729270548339	1.34264939097616e-7	2.97311993947423e-5	-0.37	0.87	0.44	1.91	0.87	0.54
ENSG00000132329	RAMP1	501.856895717248	-3.33885980285394	0.802107001960988	-4.16261146541684	3.14628468666984e-5	0.0017435660971962	-1.24	0.37	1.36	0.58	4.32	0.24
ENSG00000092051	JPH4	684.040372511424	-3.33948186307778	0.625313611446883	-5.34049123822959	9.26950578499302e-8	2.20651105035388e-5	-0.16	0.84	0.62	1.47	0.81	0.34
ENSG00000261185	RP11-317P15.5	642.308448021772	3.3435054808497	0.827055911971232	4.0426595499217	5.28483278999045e-5	0.00254199850443915	NA	NA	NA	NA	NA	NA
ENSG00000156510	HKDC1	310.828002862491	3.35233354918263	0.63273404645232	5.29817159038438	1.16968022525894e-7	2.67780071241657e-5	-0.02	0.27	0.34	0.46	0.35	0.23
ENSG00000135824	RGS8	990.122746893331	3.35698953148505	0.807503493985147	4.15724458963987	3.2210907566091e-5	0.00176103544861835	0.48	-0.33	1.45	0.15	0.73	0.4
ENSG00000258548	LINC00645	1135.00179301614	3.36109055932952	0.70134426698747	4.7923547928418	1.64835068873164e-6	1.82210163863884e-4	0.31	-0.09	0.62	0.13	0.31	0.18
ENSG00000138759	FRAS1	1047.57393840774	3.37400732811418	0.879280585543203	3.83723624015851	1.24426761745555e-4	0.0047956386231187	0.05	0.15	0.47	0.93	0.43	0.74
ENSG00000153404	PLEKHG4B	342.339376217956	3.3830453531244302	0.891913300748038	3.79302040936838	1.48825919121359e-4	0.0055059514689894	0.02	0.32	0.34	1.05	0.32	0.64
ENSG00000151882	CCL28	116.23376437842	3.38748363445407	0.890423356861661	3.80435172589521	1.42176043698482e-4	0.00529463586733147	0.0175	-0.035	0.27	0.3975	0.255	0.42
ENSG00000245832	RP11-179A16.1	297.893556494292	-3.40306511155361	0.759892173390799	-4.47835262780562	7.52212726356623e-6	5.86851995730181e-4	NA	NA	NA	NA	NA	NA
ENSG00000177283	FZD8	943.041923191224	3.42162433390226	0.661735900340148	5.17067962028879	2.33244155619522e-7	4.4684853980464e-5	0.55	0.16	1.15	0.34	0.46	0.23
ENSG00000204442	FAM155A	382.720570258503	-3.42671597732803	0.757998469222754	-4.52074260894189	6.16230772178423e-6	5.01300741755631e-4	-0.18	0.18	0.32	0.64	0.49	0.45
ENSG00000207493	SNORA46	159.071033026413	3.43238647018416	0.74235513550064	4.62364481101	3.77055294588546e-6	3.36817304195887e-4	-0.13	-0.12	0.48	0.11	0.61	0.17
ENSG00000154654	NCAM2	3508.43549366626	-3.43253248189151	0.68158345306109	-5.03611475084307	4.75075826166537e-7	7.48864744176348e-5	-0.8	0.13	0.63	0.41	1.91	0.3
ENSG00000263371	AP000673.1	110.192338074974	-3.46018358610098	0.898946350648011	-3.84915471719384	1.18526129113879e-4	0.00462901870104688	NA	NA	NA	NA	NA	NA
ENSG00000002746	HECW1	304.633144506387	-3.4619734457817	0.827312491323941	-4.18460192743075	2.85666249165496e-5	0.00163279641307792	-0.16	0.55	0.61	2.19	0.79	1.18
ENSG00000203867	RBM20	454.231798859155	3.46619165464836	0.621669607565916	5.57561703590413	2.46654011741818e-8	7.97961303560992e-6	0.38	0.42	0.62	1.02	0.26	0.49
ENSG00000161082	CELF5	303.738857955202	-3.46880708090891	0.689859697216094	-5.02827907603121	4.94901257823391e-7	7.67921785055961e-5	0.19333333333333333	0.33999999999999997	0.5	0.9866666666666667	0.32666666666666666	0.56
ENSG00000258932	CTD-3006G17.2	186.387263503121	3.46983361001565	0.690632807681714	5.02413666339287	5.05702186930889e-7	7.7921496567106e-5	NA	NA	NA	NA	NA	NA
ENSG00000206965	RNU6-5P	205.195802640939	3.49084530626958	0.831117877183961	4.2001807470409	2.6670198547414e-5	0.00155403055374674	NA	NA	NA	NA	NA	NA
ENSG00000168959	GRM5	505.008244733218	-3.49538519742451	0.930131761554633	-3.75794628449445	1.71313644094699e-4	0.00609268685852922	0.015	0.16499999999999998	0.22499999999999998	0.71	0.21500000000000002	0.495
ENSG00000176204	LRRTM4	1110.59833113901	-3.50474749965559	0.858821401268069	-4.08088048863332	4.48654206040969e-5	0.00225106203138759	-0.96	0.17	0.51	0.43	2.05	0.29
ENSG00000182870	GALNT9	136.414645098914	-3.51172367743776	0.71839042864621	-4.88832191717187	1.0169913467942e-6	1.30692075936013e-4	0.135	0.78	0.41000000000000003	1.9300000000000002	0.3	0.6599999999999999
ENSG00000091490	SEL1L3	4947.74484327322	3.51544684416225	0.506418035356865	6.94178840152279	3.8716684492692e-12	4.63438713377523e-9	0.9766666666666667	0.08666666666666667	2.4633333333333334	0.26	0.7166666666666667	0.19999999999999998
ENSG00000145681	HAPLN1	434.072549903202	-3.52096109481071	0.85765782263533	-4.10532149522269	4.03752960401268e-5	0.00206787656185955	-0.01	0.43	0.43	1.14	0.44	0.57
ENSG00000173404	INSM1	102.403354003384	-3.52377633824583	0.962312273730976	-3.66178052014635	2.50468401440322e-4	0.00797368820542727	0.92	-0.23	2.13	0.24	0.61	0.44
ENSG00000165105	RASEF	241.695937943792	3.53909151968513	0.755315055073663	4.68558318268921	2.79163887134003e-6	2.71485096657737e-4	0.17	0.8	0.39	1.82	0.25	0.58
ENSG00000153820	SPHKAP	301.217987680099	-3.5441312460368	0.866720598899347	-4.08912774259376	4.32998359053692e-5	0.00219087756673363	-0.17	0.21	0.28	0.88	0.42	0.63
ENSG00000221676	RNU6ATAC	267.240032969002	3.54612257343307	0.683037432282069	5.19169580733704	2.08387273317871e-7	4.10164727745756e-5	0.01	0.26	3.3	0.31	3.28	0.13
ENSG00000200434	RNA5-8SP2	501.569611666631	3.54619627664524	0.730216657419786	4.85636179428677	1.195621621466e-6	1.45612115788715e-4	NA	NA	NA	NA	NA	NA
ENSG00000186369	LINC00643	102.495515347188	-3.5482545256403	0.758482100143785	-4.67809922603006	2.89546432006088e-6	2.74446782101698e-4	-0.25	0.42	0.3	1.22	0.53	0.65
ENSG00000260903	XKR7	102.374871243376	-3.54987643929608	0.823558330281626	-4.31041288609413	1.62950012552335e-5	0.00105189380213869	0.17	0.41	0.35	1.33	0.22	0.74
ENSG00000100181	TPTEP1	552.444561011197	-3.55151854949378	0.725468855758955	-4.89548037975846	9.80658762508027e-7	1.27197210078247e-4	0.12	0.29	0.29	0.94	0.21	0.58
ENSG00000136750	GAD2	1477.73343510968	3.55336767652494	0.925285161057532	3.84029467463167	1.22886715667926e-4	0.0047493901779592	1.26	0.03	1.97	0.8	0.13	0.76
ENSG00000270866	RP11-706J10.2	173.192825739565	3.55556088442111	0.895709688077529	3.96954608367857	7.2009679351913e-5	0.00321968571659381	NA	NA	NA	NA	NA	NA
ENSG00000255819	KLRC4-KLRK1	375.09600451736	-3.55947448595174	0.545047563615747	-6.53057590486017	6.55172731775387e-11	5.71842949952705e-8	-0.35	0.09	0.28	0.38	0.62	0.31
ENSG00000237807	RP11-400K9.4	179.046479943299	3.56073514552962	0.912753345087576	3.90109240869227	9.57595854429288e-5	0.00394866912611368	NA	NA	NA	NA	NA	NA
ENSG00000112183	RBM24	210.340994486965	3.58041211307039	0.685863985812666	5.22029467523074	1.78638661799866e-7	3.61549117686251e-5	0.23666666666666666	0.25	0.6	0.86	0.36333333333333334	0.5566666666666666
ENSG00000269558	AC104057.1	120.908167264907	3.58323558659892	0.90885532455189	3.94258083745687	8.06094672533707e-5	0.00349599754718423	NA	NA	NA	NA	NA	NA
ENSG00000095713	CRTAC1	372.859184910463	-3.59163007596476	0.638081912351768	-5.6287915492341	1.81476551995838e-8	6.38904213938287e-6	0.18	0.42	0.46	0.89	0.3	0.42
ENSG00000162728	KCNJ9	714.178716166269	-3.59628368202506	0.556045534128639	-6.46760644820335	9.95673997647487e-11	8.40479355264719e-8	-0.08	0.17	0.71	0.47	0.8	0.32
ENSG00000170091	NSG2	797.493794221043	-3.59802549812383	0.926724580158919	-3.88251868479286	1.03380069840988e-4	0.00416419900926896	NA	NA	NA	NA	NA	NA
ENSG00000271167	LINC01109	201.777880376151	3.61997729091541	0.880358537432556	4.1119352366055	3.92356373104324e-5	0.00202685206550008	NA	NA	NA	NA	NA	NA
ENSG00000148798	INA	605.15991389847	-3.62124199046549	0.814142830298221	-4.44791976997332	8.67059011860035e-6	6.55970636748462e-4	0.07	0.49	0.28	1.01	0.23	0.42
ENSG00000188987	HIST1H4D	2708.99376617073	3.63889425832608	0.57575472909263	6.32021601292074	2.61197925477382e-10	1.85472662506355e-7	0.16	-0.05	1.41	0.19	1.15	0.22
ENSG00000187902	SHISA7	299.419285675949	-3.65146473828626	0.649907370314056	-5.61843872692465	1.92690704759522e-8	6.52221682494172e-6	-0.01	0.68	0.38	1.8	0.38	0.72
ENSG00000243319	FGF14-IT1	272.515709104141	-3.6543428704	0.799867080510871	-4.56868767253928	4.90787494764458e-6	4.22208256532998e-4	-0.62	0.09	0.97	0.36	2.05	0.29
ENSG00000133863	TEX15	564.944204102189	3.65771667755445	0.706177982803001	5.17959603191823	2.22366916721019e-7	4.33305208187306e-5	0.07	0.17	0.265	0.7899999999999999	0.21000000000000002	0.57
ENSG00000272781	MDGA2	625.101172488495	-3.66149612756527	0.684758947893641	-5.34713148156478	8.93591044491741e-8	2.13925696051323e-5	0.12666666666666668	0.10666666666666667	0.4666666666666666	0.4066666666666667	0.36	0.2733333333333333
ENSG00000105825	TFPI2	615.733706889324	3.66380085901289	0.98084299812805	3.73535914107079	1.87447479424244e-4	0.00652523581470081	0.24	0.25	0.45	1.32	0.25	0.95
ENSG00000154914	USP43	114.443523231542	-3.66743172330104	0.616983548295339	-5.94413211411191	2.77925386895188e-9	1.40285350409324e-6	-0.28	0.62	0.38	1.41	0.68	0.54
ENSG00000139915	MDGA2	997.362640120916	-3.6775010590852	0.686356517746557	-5.35800413341911	8.41463158150507e-8	2.06158473746874e-5	0.12666666666666668	0.10666666666666667	0.4666666666666666	0.4066666666666667	0.36	0.2733333333333333
ENSG00000144278	GALNT13	2928.20875278326	-3.67993429470184	0.7951921092426	-4.62772989310329	3.69695747604351e-6	3.33083942922242e-4	0.05500000000000001	0.32	0.39	0.95	0.33	0.505
ENSG00000187475	HIST1H1T	241.068237598345	3.680120805223	0.827736028758788	4.44600775774064	8.74807903556376e-6	6.60361749900799e-4	0.03	0.01	0.36	0.26	0.33	0.25
ENSG00000144230	GPR17	338.313646884754	-3.70435606388989	0.842085342538778	-4.39902688808445	1.08737355126867e-5	7.80060187164397e-4	-0.3	0.07	0.59	0.29	0.96	0.24
ENSG00000018236	CNTN1	6475.54908550402	-3.71024439299403	0.830369567881836	-4.46818445244612	7.88862713221595e-6	6.13161472549513e-4	-0.28	0.4025	0.42250000000000004	0.8175	0.7525	0.33
ENSG00000203805	PPAPDC1A	198.398647419296	-3.71369248078538	0.812072750286058	-4.57310318500061	4.80553329463166e-6	4.15108901811533e-4	NA	NA	NA	NA	NA	NA
ENSG00000201643	SNORA14A	143.788864060776	3.7156958535217	0.856351338608328	4.3389852809247	1.43142108344939e-5	9.57831022234671e-4	0	-0.02	0.52	0.18	0.52	0.19
ENSG00000145248	SLC10A4	1017.26319193734	3.72030220047478	0.632301256087856	5.88374950176891	4.01074728424722e-9	1.80677696208104e-6	0.66	0	1.28	0.35	0.41	0.35
ENSG00000130751	NPAS1	304.11360323832	3.76252787362426	0.820752185398448	4.58424350316859	4.55633014172691e-6	3.97682190182602e-4	0.225	0.665	0.685	1.5	0.46	0.49
ENSG00000255082	GRM5-AS1	241.589824743684	-3.76442438418729	0.951517824736626	-3.9562310724229	7.61415145639176e-5	0.00336137908604355	-0.01	0.09	0.23	0.49	0.24	0.4
ENSG00000167654	ATCAY	1538.93531911135	-3.77294845342531	0.71362967650416	-5.28698368025803	1.24349728728153e-7	2.81248924188551e-5	-0.02	0.45	0.58	1.32	0.6	0.68
ENSG00000206652	RNU1-1	52211.3483272041	3.77921408301294	0.811464701096308	4.65727477474637	3.20422659623778e-6	2.98313496109737e-4	NA	NA	NA	NA	NA	NA
ENSG00000207513	RNU1-3	52086.6860735504	3.80154238108734	0.827781147954824	4.59244860852377	4.38075409621917e-6	3.85570783321643e-4	NA	NA	NA	NA	NA	NA
ENSG00000221475	SNORA11D	321.851734256717	3.8143204206813	0.725430944184345	5.25800622548576	1.45625591152192e-7	3.17759590693806e-5	0	0	0	0	0	0
ENSG00000006377	DLX6	940.940305915557	3.82179609426983	0.973052326993311	3.927636765516	8.57846402285888e-5	0.00366729336977217	1.35	0.13	2.57	1.23	0.29	1.02
ENSG00000184408	KCND2	1305.08748303692	-3.83528192742057	0.92938652857497694	-4.12668121336037	3.68036013350733e-5	0.00193948034960113	-0.65	0.43	0.45	1.08	1.31	0.53
ENSG00000243915	PRKRIRP2	136.081926683921	-3.83759562783218	0.649739148838197	-5.90636355327243	3.4974170971787e-9	1.63638558849616e-6	NA	NA	NA	NA	NA	NA
ENSG00000108001	EBF3	534.492656245202	3.84794746662367	0.818361705107279	4.70201311059545	2.57608954605647e-6	2.57578213680276e-4	0.8	0.17	1.07	0.77	0.18	0.57
ENSG00000167588	GPD1	2571.91775797809	3.8915436501223	0.772156730518048	5.03983646883635	4.65929799493304e-7	7.47897660910803e-5	0.39	0	2.13	0.16	1.4	0.16
ENSG00000271956	DLX6-AS2	216.064927743396	3.89294056041546	0.955977887551833	4.07220774780148	4.65696137467568e-5	0.00232265948561949	NA	NA	NA	NA	NA	NA
ENSG00000137441	FGFBP2	451.392222925076	3.89852015348097	0.796081227234874	4.89713865885542	9.72422235633435e-7	1.26520588701437e-4	0.08	0.11	0.44	0.46	0.36	0.35
ENSG00000150051	MKX	109.554099058032	-3.90030429419645	0.707168032909602	-5.51538547090269	3.48016320113185e-8	1.0340527468895e-5	0	1.04	0.3	2.69	0.3	0.75
ENSG00000187122	SLIT1	1981.9034506702	-3.90527188179879	0.761615860808455	-5.12761364719131	2.93437847893662e-7	5.27621400751287e-5	-0.17	0.07	0.52	0.42	0.7	0.35
ENSG00000207344	SNORA22	147.522084178493	3.90925668045313	0.703750767712769	5.55488797995695	2.77789849399774e-8	8.62074499303966e-6	0.09	-0.15	0.55	0.08	0.45	0.15
ENSG00000197415	VEPH1	1870.44256284571	3.90974046661889	0.703686128926982	5.55608574035796	2.7589139052732e-8	8.62074499303966e-6	0.24833333333333332	-0.18666666666666665	0.5966666666666667	0.28500000000000003	0.34833333333333333	0.44333333333333336
ENSG00000223561	AC003090.1	174.848175092312	3.91903748083743	0.812877615392296	4.82119006185955	1.4270430971209e-6	1.63797179599671e-4	NA	NA	NA	NA	NA	NA
ENSG00000155897	ADCY8	641.961021496223	-3.91932108851576	0.713788600562755	-5.49087094613972	3.99956527667808e-8	1.14768347442759e-5	-0.33	0.75	0.44	2.11	0.81	0.82
ENSG00000206634	SNORA22	667.460923033322	3.92943555774196	0.718815672848217	5.4665412930857	4.58901559735604e-8	1.27396070084663e-5	0.09	-0.15	0.55	0.08	0.45	0.15
ENSG00000166473	PKD1L2	340.405915614408	3.94192525210073	0.946184398302002	4.16612793359815	3.09816881170831e-5	0.00172914227870106	-0.016	0.394	0.282	0.8140000000000001	0.302	0.38
ENSG00000200816	SNORA38	329.874252715952	3.95181421399829	0.63959623460366	6.1786076905958	6.46693699642706e-10	4.04376605172107e-7	0	0	0	0	0	0
ENSG00000188730	VWC2	142.911678923699	-3.9523570184985	0.876228664847599	-4.5106456534219	6.46306055560538e-6	5.18716325626604e-4	0.08499999999999999	1.455	0.54	4.0649999999999995	0.44999999999999996	0.845
ENSG00000144681	STAC	312.190023962305	3.96479012077222	0.8634245794835	4.59193566523663	4.39153757395271e-6	3.85709573712262e-4	0.18	0.11	0.44	0.73	0.28	0.6
ENSG00000205810	KLRC3	255.100959515717	-3.97652449480247	0.696252179577476	-5.71132789446439	1.12098025533647e-8	4.23094304480373e-6	-0.61	0.06	0.15	0.18	0.73	0.14
ENSG00000257842	NOVA1-AS1	173.730662048114	-3.99232148088296	0.623004270592163	-6.40817674827216	1.47270124637174e-10	1.16412865503291e-7	-0.78	0.17	4.03	0.26	6.58	0.15
ENSG00000122585	NPY	1520.43218044344	4.0287830729805	0.831801132242843	4.84344504571354	1.27607026242679e-6	1.50594263786959e-4	1.25	-0.61	2.28	0.46	0.28	1.26
ENSG00000113494	PRLR	705.741964536606	4.08249903557952	0.837585929363853	4.87412561798905	1.09291433022086e-6	1.37748553794828e-4	0.06714285714285714	-0.12428571428571429	0.3128571428571429	0.46714285714285714	0.26142857142857145	0.6028571428571429
ENSG00000186007	LEMD1	114.265509230969	4.09247054022526	0.749563673540513	5.45980372940801	4.7666123233008e-8	1.29673521613433e-5	0.07	-0.19	0.43	0.32	0.37	0.49
ENSG00000148357	HMCN2	414.929865429721	-4.0934930035264	0.866483298697945	-4.72426070955741	2.30953977805123e-6	2.3831399293714e-4	0.09	0.83	0.47	2.53	0.39	0.98
ENSG00000262619	LINC00621	128.241998788437	4.10143531543347	0.701882292293682	5.84348025369095	5.11213606901918e-9	2.14172940611558e-6	0.12	-0.22	0.61	0.33	0.48	0.54
ENSG00000197977	ELOVL2	6015.12158477133	4.11992529158674	0.722072922408675	5.70569143881421	1.15871741716702e-8	4.3343273385904e-6	0.92	-0.43	1.53	0.3	0.28	0.74
ENSG00000221716	SNORA11	444.323495242396	4.12592505379967	0.919125814178289	4.48896657035827	7.15695264536605e-6	5.65736851089832e-4	-0.1	-0.19	0.22	0.07	0.3	0.16
ENSG00000089199	CHGB	545.42765339894	-4.14074267485959	0.793690213113658	-5.21707664583062	1.81769058376107e-7	3.66116091378221e-5	0.07	0.18	0.42	0.78	0.35	0.58
ENSG00000114279	FGF12	1904.67842583018	-4.19371236473535	0.858367903508774	-4.88568170779988	1.03071595876778e-6	1.31251808792024e-4	-0.53	0.355	0.31	0.9550000000000001	0.95	0.5
ENSG00000164418	GRIK2	3292.27866416499	-4.20444245036775	0.81313193074049	-5.17067685011326	2.33247613560043e-7	4.4684853980464e-5	-0.59	0.53	0.27	0.94	0.91	0.34
ENSG00000184221	OLIG1	1148.51563214213	-4.20505292655902	1.11003131110807	-3.78822911072787	1.51724902648724e-4	0.00558078559830401	-0.31	-0.07	1.55	0.25	2.14	0.31
ENSG00000166863	TAC3	145.29419592069	4.20693140137755	0.864843412019369	4.86438509319804	1.14813184044659e-6	1.42310601939378e-4	0.12	0.1	0.39	0.62	0.29	0.51
ENSG00000104313	EYA1	245.115765949852	-4.22631399370696	0.809034315882356	-5.22389954386251	1.75193848707044e-7	3.56298363669011e-5	-0.13666666666666666	0.20500000000000002	0.32499999999999996	0.7183333333333333	0.445	0.4883333333333333
ENSG00000255641	NKG2-E	345.858658748467	-4.23332431440999	0.723925875509358	-5.84773173279847	4.98321353663694e-9	2.10880536482227e-6	NA	NA	NA	NA	NA	NA
ENSG00000196132	MYT1	597.262511859989	-4.25408172661697	0.768016707891379	-5.53904841249707	3.04119572783895e-8	9.23267355201543e-6	-0.34	0.54	0.53	1.23	0.95	0.51
ENSG00000218475	RP11-93K7.1	156.079887866701	-4.25442726615874	0.875686093980088	-4.85839308789512	1.1834228149213e-6	1.4454664382253e-4	NA	NA	NA	NA	NA	NA
ENSG00000269416	CTB-175P5.4	103.062651428382	4.26721416040722	0.610385425174864	6.99101581461376	2.72902993382091e-12	3.46462754780082e-9	NA	NA	NA	NA	NA	NA
ENSG00000237070	AC005550.3	197.38436925421	4.29054645112061	0.976315926672704	4.39462917064443	1.1096200840764501e-05	7.9113051869582e-4	NA	NA	NA	NA	NA	NA
ENSG00000210049	MT-TF	147.771353968305	4.29804039061529	0.884161568527081	4.86114816975744	1.16706855788979e-6	1.42965898341499e-4	NA	NA	NA	NA	NA	NA
ENSG00000239519	CADM2-AS1	170.403131616214	-4.33110155227979	0.74712111393831	-5.79705414755205	6.74899055432433e-9	2.77204862032762e-6	NA	NA	NA	NA	NA	NA
ENSG00000183542	KLRC4	171.769316642189	-4.331345642407	0.712245802995238	-6.08125119753911	1.19248297409053e-9	7.03648932387646e-7	-0.38	0.14	0.28	0.4	0.65	0.29
ENSG00000004848	ARX	782.142833748161	4.36811772192666	0.811076680071962	5.38557922974571	7.22117163692939e-8	1.83352112563125e-5	0.58	-0.36	0.96	0.17	0.3	0.45
ENSG00000224675	AC009227.2	174.469110299572	-4.37048368228374	0.918159205407696	-4.76004995271281	1.93545050749696e-6	2.05801266526866e-4	NA	NA	NA	NA	NA	NA
ENSG00000206585	RNVU1-9	163.889959208793	4.42726194146188	0.86211336324536	5.13535937408022	2.81605383796925e-7	5.15190286208392e-5	NA	NA	NA	NA	NA	NA
ENSG00000231528	FAM225A	140.989245980406	4.44520759985584	0.670067966604606	6.63396524143777	3.26786812714715e-11	3.18389151597279e-8	0.27	0.12	0.3	0.16	0.12	0.1
ENSG00000101204	CHRNA4	112.034660578767	-4.45876844628928	0.87889541948819	-5.07315016943172	3.91283469852836e-7	6.55712838779382e-5	0.3	0.94	0.5	1.99	0.24	0.5
ENSG00000008196	TFAP2B	157.393306269691	4.46055638644201	1.1671615527657	3.82171292043703	1.32527917479956e-4	0.0050383458283328	0.31	-0.2	0.6	0.5	0.3	0.73
ENSG00000205809	KLRC2	373.881573565643	-4.51184808317015	0.811142155108007	-5.56233954154359	2.66181743743152e-8	8.44824557130256e-6	-0.43	0.07	0.17	0.22	0.54	0.17
ENSG00000170381	SEMA3E	1531.09180495333	4.5239867513236	0.906507354584133	4.99056817183685	6.02019486179974e-7	8.84968644684561e-5	0.22000000000000003	-0.015	0.595	0.44999999999999996	0.38	0.455
ENSG00000183671	GPR1	174.917132528185	4.61262960209007	0.958258429075333	4.81355494732356	1.48268809345917e-6	1.68796787161609e-4	0.13666666666666666	-0.15	0.42333333333333334	0.31333333333333335	0.30666666666666664	0.44333333333333336
ENSG00000115507	OTX1	976.45662447406	4.61445977536119	0.610513820638212	7.55832156352723	4.0830363514434503e-14	1.4254900661977e-10	2.066666666666667	-0.09	7.38	0.33	1.29	0.41333333333333333
ENSG00000104112	SCG3	4646.76122232964	-4.6614327350436104	0.762470996686505	-6.11358694993114	9.74162530987086e-10	5.91486075879767e-7	-1.05	0.23	0.39	0.49	2.03	0.28
ENSG00000234685	NUS1P2	110.597515879128	4.73210015567082	0.659937739622265	7.17052514435586	7.47106220693964e-13	1.15925981911013e-9	NA	NA	NA	NA	NA	NA
ENSG00000101311	FERMT1	1295.99220003044	-4.74099129969132	0.832259246326514	-5.69653184463549	1.22269062783838e-8	4.53315255338839e-6	-0.93	0.22	0.5	0.48	1.97	0.28
ENSG00000144407	PTH2R	293.404752404541	4.74835869329664	0.990367004300368	4.79454452003988	1.63044853974706e-6	1.8166925950187e-4	0.1	0.025	0.51	0.5900000000000001	0.425	0.59
ENSG00000176076	KCNE1L	143.546046987745	4.80107930033087	0.882722577358912	5.43894471884428	5.35970807228283e-8	1.41223251376283e-5	NA	NA	NA	NA	NA	NA
ENSG00000138675	FGF5	102.054624705762	4.80748699711103	1.02963153526758	4.66913340592436	3.02472922970847e-6	2.84766361974464e-4	0.27999999999999997	0.023333333333333334	0.51	0.8733333333333333	0.26666666666666666	0.8366666666666667
ENSG00000159212	CLIC6	172.281119849117	4.84015814100683	0.980765366799105	4.93508264550931	8.01168271479386e-7	1.10775395160491e-4	0.27	0.6	0.43	1.63	0.22	0.71
ENSG00000231764	DLX6-AS1	13137.4337120931	4.87518448822972	0.894110218803808	5.45255426646618	4.96514131640387e-8	1.333426893915e-5	0.94	-0.07	1.51	1	0.25	1.1
ENSG00000183090	FREM3	202.057991240962	-4.89058411585693	0.922911206089146	-5.29908411945812	1.1638500833988e-7	2.67780071241657e-5	-0.01	0.27	0.23	1.08	0.24	0.72
ENSG00000160862	AZGP1	305.08739408655	-4.91013780520848	0.759320825052384	-6.46648642208613	1.00307835692173e-10	8.40479355264719e-8	-0.09	0.41	0.41	1.1	0.5	0.57
ENSG00000225684	FAM225B	1651.43699701366	4.91680016266764	0.627374428510482	7.83710642198336	4.61047284730359e-15	2.4144469992223e-11	0.27	0.12	0.3	0.16	0.12	0.1
ENSG00000119913	TECTB	108.708205148537	4.92739736922692	0.995776670153865	4.94829565394975	7.48661319968712e-7	1.05252234899628e-4	0.19	-0.09	0.41	0.26	0.26	0.33
ENSG00000172554	SNTG2	367.3405829123	4.96082904293127	0.844218112562727	5.87624094900317	4.19687334061533e-9	1.86678447339902e-6	0.76	0	1.12	1.01	0.23	1.01
ENSG00000145526	CDH18	325.029602719319	-4.96519490162536	1.30004467517487	-3.81924944306817	1.33858348613946e-4	0.00507970608259174	-0.14	-0.03090909090909091	0.19999999999999998	0.5145454545454545	0.29545454545454547	0.5409090909090909
ENSG00000269155	AL009178.1	154.591722998799	5.0166925788284	0.998812793839388	5.02265550638821	5.09619049036569e-7	7.7921496567106e-5	NA	NA	NA	NA	NA	NA
ENSG00000180251	SLC9A4	141.353360815662	5.04236625779764	0.713166192830106	7.0703944024431	1.54493962180736e-12	2.080339794254e-9	0.03	-0.46	0.32	0.34	0.29	0.84
ENSG00000173157	ADAMTS20	311.993576898692	-5.04916679611268	0.950648552244938	-5.31128647299696	1.08854060266741e-7	2.54773232115928e-5	-0.01	0.3	0.21	0.96	0.21	0.58
ENSG00000187398	LUZP2	3093.37046879396	-5.10198736102496	0.963752438194472	-5.29387751338218	1.19749656709192e-7	2.726582536865e-5	-0.1	0.48	0.29	1.23	0.37	0.58
ENSG00000253642	RP11-317N12.1	123.281029659728	5.11323164524135	0.692708009692756	7.38151078621031	1.56503333362183e-13	3.6426150840048e-10	NA	NA	NA	NA	NA	NA
ENSG00000164796	CSMD3	2555.23030354597	-5.14331781162742	0.927097449612492	-5.54776395272927	2.89346147121149e-8	8.84828965959164e-6	-0.30333333333333334	0.4366666666666667	0.27666666666666667	0.9366666666666666	0.5766666666666667	0.4066666666666667
ENSG00000145451	GLRA3	156.73149361458	-5.1550380180643	0.934924082909505	-5.51385734125247	3.51053189174243e-8	1.03572471543359e-5	-0.11	-0.14	0.15	0.34	0.21	0.47
ENSG00000256637	RP11-76I14.1	324.032115158687	5.17496370272166	0.915451942574335	5.65290591679689	1.57757668470822e-8	5.64893805178213e-6	NA	NA	NA	NA	NA	NA
ENSG00000165078	CPA6	225.160075478228	5.18813838414581	0.922311415108142	5.62514818656722	1.85348792863702e-8	6.41751047688001e-6	0.2	-0.18	0.5	0.3	0.32	0.46
ENSG00000154975	CA10	367.208800387863	-5.24623873731591	1.24712400906037	-4.20666966492661	2.59161532071763e-5	0.00152066840142108	0.08666666666666667	0.7633333333333333	0.3433333333333333	2.236666666666667	0.2733333333333333	0.89
ENSG00000142700	DMRTA2	632.491198365582	5.31114412308419	0.726313495031096	7.31246790734186	2.62279934200779e-13	4.9946444742462e-10	1.94	-0.2	5.09	0.47	0.51	0.69
ENSG00000187416	LHFPL3	2353.62268873759	-5.44868366713532	0.757902672217645	-7.18916012156589	6.51910855104546e-13	1.05045404902327e-9	-1.04	0.97	0.43	1.87	2.08	0.41
ENSG00000235688	AC116614.1	139.581642433076	5.50307629483102	1.17333955613929	4.69009696812586	2.73075606125173e-6	2.68407477989905e-4	NA	NA	NA	NA	NA	NA
ENSG00000153993	SEMA3D	566.740811473305	-5.5050966242406	0.828307046901255	-6.64620281191073	3.00750784758108e-11	3.07315954327827e-8	-0.04	-0.01	0.21	0.41	0.24	0.42
ENSG00000079931	MOXD1	7883.4561096841	5.57769522130943	0.727941340848584	7.66228665459134	1.82651392832903e-14	7.65218010273446e-11	1.39	-0.29	2.57	0.35	0.23	0.64
ENSG00000122584	NXPH1	431.249848101918	-5.58075407266301	0.758393079721251	-7.35865637739499	1.85770546853753e-13	3.89142853021899e-10	-0.35	1.06	0.37	2.56	0.74	0.65
ENSG00000267339	LINC00906	108.836630287749	-5.5851574531513	0.993227803446416	-5.62323913383343	1.87409684977977e-8	6.4356793050429e-6	-0.08	0.11	0.2	0.51	0.26	0.41
ENSG00000205927	OLIG2	2586.8728220324	-5.5964537315158696	0.791970574781258	-7.06649200074335	1.58899327881914e-12	2.080339794254e-9	-0.87	-0.15	1.24	0.28	3.04	0.41
ENSG00000234710	AC060834.3	102.818975473353	5.60255377839853	1.23767734179871	4.5266674836725604	5.99211123985138e-6	4.90311524206198e-4	NA	NA	NA	NA	NA	NA
ENSG00000215612	HMX1	106.473331345176	-5.64166229071326	0.788707153035809	-7.1530507476672	8.48702102747274e-13	1.26987052123561e-9	0.09	1.19	0.32	2.97	0.25	0.7
ENSG00000131094	C1QL1	2000.13516036409	-5.77828420771168	0.588126699372935	-9.82489693780698	8.79639603645244e-23	3.68525011947175e-18	-0.52	1.06	1.4	1.73	2.43	0.23
ENSG00000038295	TLL1	253.727408923739	-5.81480393411213	0.938273648828621	-6.19734332448915	5.74241526798724e-10	3.75903886956759e-7	0.08	0.28	0.35	1.12	0.28	0.75
ENSG00000106511	MEOX2	1014.21947727753	5.98281940207206	1.11426799233129	5.36928229406888	7.90505993497799e-8	1.9679818562773e-5	1.12	-0.11	2.65	0.7	0.63	0.83
ENSG00000140798	ABCC12	234.511221242394	5.98699772383135	1.00582078707033	5.95235035981883	2.64318772786674e-9	1.35044329096314e-6	0.01	-0.11	0.39	0.26	0.38	0.34
ENSG00000206588	RNU1-28P	180.978495855989	6.05219471915004	0.968537575778354	6.24879702192893	4.13626029650975e-10	2.79497782455284e-7	NA	NA	NA	NA	NA	NA
ENSG00000164651	SP8	592.803709091647	6.16684912487917	0.824833406844746	7.47647836969814	7.63407013016852e-14	1.88134922413771e-10	1.26	-0.11	3.07	0.62	0.64	0.75
ENSG00000180613	GSX2	751.737601030841	6.35136099279345	0.864418953481826	7.3475494344618	2.01873646140905e-13	4.02737924051105e-10	1.36	-0.37	3.05	0.34	0.49	0.72
ENSG00000229108	AC005550.4	142.798867816477	6.54508149879685	1.27444739227668	5.13562312454865	2.81210698964505e-7	5.15190286208392e-5	NA	NA	NA	NA	NA	NA
ENSG00000144355	DLX1	3996.06210775554	6.62610314542098	0.777395496478514	8.52346479422152	1.54849864965579e-17	2.16247836424431e-13	1.41	-0.29	4.06	0.31	0.92	0.59
ENSG00000115844	DLX2	2036.71020563154	6.79686009872518	0.819481705905618	8.29409619487955	1.09413887847975e-16	1.14597370784773e-12	0.97	-0.4	2.26	0.28	0.61	0.66
ENSG00000197320	AC060834.2	191.538181603367	6.98950612653398	1.25373527596693	5.5749457325777	2.47607040131111e-8	7.97961303560992e-6	NA	NA	NA	NA	NA	NA
ENSG00000124253	PCK1	496.94959166975	6.99001951407459	0.763523655540958	9.15494819754098	5.43838956785126e-20	1.13920665472564e-15	0.34	-0.19	0.52	0.4	0.22	0.59
ENSG00000185686	PRAME	429.710335438789	7.14918345768029	1.21230479890807	5.89718317053566	3.69759325574117e-9	1.70231504889315e-6	0.32181818181818184	0.19363636363636363	0.5399999999999999	0.519090909090909	0.24818181818181817	0.34181818181818185
ENSG00000079689	SCGN	639.200724218224	7.33895244491382	1.32270927504658	5.54842442202983	2.88255440624433e-8	8.84828965959164e-6	-0.04	0.19	0.22	1.03	0.25	0.78
ENSG00000095777	MYO3A	2005.83122412392	7.67039390088492	0.961906499670667	7.97415747113787	1.53423821361228e-15	9.18241570846948e-12	0.77	-0.09	0.99	0.63	0.16	0.73
ENSG00000237735	AP000473.6	166.944681783008	8.4585768217082	1.03600710315491	8.16459346267959	3.22519537547687e-16	2.70239120511207e-12	NA	NA	NA	NA	NA	NA
ENSG00000230386	RP13-157F18.2	124.306285691044	9.03657464255934	1.92086180953967	4.70443766317834	2.54566630380707e-6	2.55145190904299e-4	NA	NA	NA	NA	NA	NA
